player_position,event_code,out,ball_position_x,ball_position_y,hangtime,probs_forest,pred_forest
9,2,Catch,153.639,213.9828,3565,0.91,Catch
7,2,Catch,-154.9665,216.4914,3697,0.886,Catch
9,2,Catch,136.9962,218.8434,3202,0.878,Catch
8,2,Catch,14.63376,270.852,3763,0.976,Catch
8,2,Catch,-16.74882,264.5763,4060,0.945,Catch
9,2,Catch,111.0087,289.629,2938,0.692,Catch
8,2,Catch,-17.52648,281.6928,4126,0.991,Catch
8,2,Catch,12.6897,269.3265,3564,0.854,Catch
9,2,Catch,94.9002,267.8436,3334,0.971,Catch
8,2,Catch,-54.3636,388.155,7228,0.906,Catch
7,2,Catch,-121.7628,194.4093,6106,0.977,Catch
8,2,Catch,-18.31497,336.639,5512,0.999,Catch
8,2,Catch,-1.426152,355.962,5743,1,Catch
9,2,Catch,100.6698,344.238,5743,0.979,Catch
9,2,Catch,95.0469,183.0228,4390,0.924,Catch
8,2,Catch,8.6724,259.1019,2970,0.74,Catch
9,2,Catch,90.9855,212.3898,3466,0.835,Catch
7,2,Catch,-135.1749,176.6931,6898,0.983,Catch
8,2,Catch,28.77609,227.6559,6502,0.974,Catch
8,2,Catch,34.3986,298.9914,4027,0.996,Catch
9,2,Catch,61.7799,369.066,6040,0.965,Catch
9,2,Catch,172.6611,218.2737,4324,0.979,Catch
8,2,Catch,-16.76328,350.862,4984,0.998,Catch
8,2,Catch,31.0935,286.2807,3399,0.923,Catch
8,2,Catch,11.2353,233.6148,4720,0.84,Catch
9,2,Catch,102.3495,229.2471,3268,0.949,Catch
9,2,Catch,89.7462,274.2261,3729,0.953,Catch
8,2,Catch,38.0289,304.929,3696,0.944,Catch
8,2,Catch,48.9099,271.449,3763,0.966,Catch
9,2,Catch,160.0149,220.8531,3466,0.955,Catch
7,2,Catch,-93.8994,291.6618,3664,0.965,Catch
9,2,Catch,221.5809,221.2044,5743,0.898,Catch
8,2,Catch,-6.03732,285.7881,3367,0.953,Catch
8,2,Catch,-7.41855,250.7085,3268,0.814,Catch
7,2,Catch,-95.9028,196.8126,3136,0.655,Catch
8,2,Catch,-4.95321,255.2934,4357,0.974,Catch
7,2,Catch,-103.119,224.8146,2640,0.856,Catch
7,2,Catch,-96.1818,216.672,2311,0.683,Catch
8,2,Catch,36.2019,286.0059,3796,0.997,Catch
9,2,Catch,115.7109,205.0011,3696,0.88,Catch
7,2,Catch,-114.7926,208.6653,3565,0.825,Catch
9,2,Catch,64.3749,278.8956,4390,0.972,Catch
8,2,Catch,12.78441,290.7174,3267,0.955,Catch
9,2,Catch,93.2553,271.6119,3333,0.974,Catch
7,2,Catch,-78.2103,293.982,4323,0.994,Catch
9,2,Catch,130.0596,262.8879,3037,0.922,Catch
7,2,Catch,-112.4088,196.3203,3861,0.901,Catch
7,2,Catch,-123.2208,294.3666,5610,0.995,Catch
9,2,Catch,179.8497,194.1069,3796,0.895,Catch
9,2,Catch,126.0393,191.9496,2971,0.722,Catch
7,2,Catch,-167.0181,165.8748,5115,0.972,Catch
8,2,Catch,-36.9858,343.668,3829,0.905,Catch
9,2,Catch,153.579,218.8377,5512,0.993,Catch
7,2,Catch,-147.0249,273.1578,4522,0.994,Catch
9,2,Catch,112.3707,175.4328,5545,0.989,Catch
7,2,Catch,-109.5855,217.1445,3531,0.9,Catch
7,2,Catch,-46.221,216.6675,5082,0.944,Catch
8,2,Catch,24.86067,252.3012,3928,0.876,Catch
9,2,Catch,96.6771,257.7723,5050,1,Catch
8,2,Catch,43.5831,231.6774,4225,0.837,Catch
7,2,Catch,-156.0405,237.1887,5875,0.976,Catch
7,2,Catch,-155.7225,195.7596,5446,0.98,Catch
9,2,Catch,183.4053,222.7146,3762,0.952,Catch
8,2,Catch,-30.4776,293.0574,3895,0.986,Catch
9,2,Catch,43.5324,308.013,6040,1,Catch
8,2,Catch,-30.6006,351.546,4620,0.974,Catch
7,2,Catch,-132.0183,233.142,6040,0.999,Catch
9,2,Catch,169.9527,223.1286,3828,0.989,Catch
8,2,Catch,-31.7145,340.509,3663,0.961,Catch
7,2,Catch,-81.4818,318.471,4225,0.973,Catch
9,2,Catch,170.898,281.7291,5314,0.995,Catch
8,2,Catch,-45.3633,253.7607,3729,0.904,Catch
8,2,Catch,33.1215,275.4813,3928,0.988,Catch
9,2,Catch,123.4377,232.9479,3466,0.99,Catch
9,2,Catch,90.1218,282.6624,3465,0.901,Catch
8,2,Catch,27.06258,347.883,4060,0.974,Catch
7,2,Catch,-168.1353,300.78,4950,0.998,Catch
7,2,Catch,-126.6237,174.4332,5742,0.983,Catch
9,2,Catch,102.8646,262.4745,4587,0.987,Catch
9,2,Catch,98.3826,180.1647,5974,0.983,Catch
9,2,Catch,140.6631,168.7776,5974,0.982,Catch
8,2,Catch,6.10332,353.79,4093,0.973,Catch
9,2,Catch,74.9406,219.8727,3763,0.927,Catch
255,16,Hit,62.6175,234.384,3069,0.092,Hit
8,2,Catch,15.55473,297.7806,2739,0.929,Catch
9,2,Catch,148.7934,183.5007,4818,0.972,Catch
9,2,Catch,92.733,258.3345,2575,0.735,Catch
7,2,Catch,-87.4071,221.6928,3531,0.777,Catch
8,2,Catch,-6.88104,297.5079,6370,1,Catch
9,2,Catch,233.2773,229.362,5479,0.945,Catch
9,2,Catch,159.6612,294.8019,5610,0.999,Catch
8,2,Catch,48.2772,328.821,5578,0.998,Catch
7,2,Catch,-103.6788,211.2096,3334,0.789,Catch
7,2,Catch,-203.7231,256.1664,1947,0.878,Catch
7,2,Catch,-144.0906,230.3904,3103,0.925,Catch
9,2,Catch,141.8484,253.1649,5611,0.999,Catch
255,16,Hit,-160.2003,244.3113,2673,0.24,Hit
9,2,Catch,91.9992,311.856,4390,0.983,Catch
8,2,Catch,30.3918,377.691,4357,0.855,Catch
8,2,Catch,-40.5468,328.707,3333,0.972,Catch
7,2,Catch,-65.8464,235.5708,4456,0.929,Catch
8,2,Catch,-38.325,286.3971,6469,1,Catch
8,2,Catch,-23.56341,243.8052,4687,0.915,Catch
8,2,Catch,26.91924,262.5198,3631,0.927,Catch
8,2,Catch,-42.9564,282.6513,4324,0.996,Catch
8,2,Catch,39.5826,291.0009,3796,0.987,Catch
7,2,Catch,-206.5065,255.9513,1287,0.912,Catch
8,2,Catch,-56.6556,303.588,4588,0.99,Catch
9,2,Catch,129.0396,244.3272,3532,0.984,Catch
8,2,Catch,37.698,306.45,3729,0.962,Catch
7,2,Catch,-177.4425,283.6596,5347,0.985,Catch
8,2,Catch,-38.9613,292.1826,4785,1,Catch
9,2,Catch,96.3315,316.53,4489,0.985,Catch
8,2,Catch,24.25701,351.258,3895,0.99,Catch
8,2,Catch,-19.67727,279.1383,3565,0.937,Catch
8,2,Catch,-38.9961,296.6949,4060,0.985,Catch
7,2,Catch,-124.9278,249.0774,4027,0.933,Catch
8,2,Catch,4.5339,282.732,2673,0.867,Catch
255,16,Hit,115.8453,350.418,4621,0.208,Hit
8,2,Catch,21.55608,248.5752,3135,0.742,Catch
7,2,Catch,-78.1188,268.2195,5743,0.999,Catch
9,2,Catch,51.9837,240.0117,4291,0.943,Catch
255,16,Hit,-68.2971,176.5482,2178,0.001,Hit
9,2,Catch,151.5549,225.8301,4620,0.982,Catch
9,2,Catch,93.423,291.7782,6139,0.999,Catch
9,2,Catch,128.3583,277.5222,4786,0.999,Catch
9,2,Catch,165.1386,199.4715,3730,0.939,Catch
8,2,Catch,-17.43258,266.3928,2673,0.751,Catch
9,2,Catch,160.3134,248.358,3630,0.969,Catch
9,2,Catch,205.1772,243.189,5247,0.957,Catch
9,2,Catch,193.0296,209.253,6370,0.967,Catch
8,2,Catch,-37.6728,316.572,4522,0.995,Catch
9,2,Catch,181.212,238.6302,3564,0.875,Catch
9,2,Catch,145.1322,202.8141,5347,0.991,Catch
255,16,Hit,-44.6061,226.6938,1915,0.007,Hit
255,16,Hit,-7.0044,133.3539,1453,0,Hit
255,16,Hit,123.9912,191.1345,2443,0.051,Hit
255,16,Hit,92.8098,335.265,3597,0.111,Hit
7,2,Catch,-114.7464,283.8183,3004,0.898,Catch
8,2,Catch,8.10699,357.834,3895,0.905,Catch
9,2,Catch,185.3718,178.236,5115,0.993,Catch
8,2,Catch,31.7139,256.2861,4423,0.98,Catch
8,2,Catch,17.00577,287.6106,4225,0.997,Catch
8,2,Catch,-80.4456,302.013,4357,0.992,Catch
9,2,Catch,157.5906,245.0427,4852,0.997,Catch
255,16,Hit,-25.10805,159.1539,1452,0,Hit
7,2,Catch,-110.5377,204.3678,4785,0.98,Catch
255,16,Hit,-124.9887,142.1856,1617,0.046,Hit
9,2,Catch,196.6785,221.022,4258,0.828,Catch
8,2,Catch,33.8361,292.2129,4258,1,Catch
255,16,Hit,-127.1727,161.5257,2277,0.006,Hit
8,2,Catch,72.0462,331.713,5083,0.999,Catch
8,2,Catch,-52.1472,313.02,4258,0.978,Catch
8,2,Catch,63.1503,270.5577,4918,0.998,Catch
8,2,Catch,-60.8436,274.9392,5511,0.996,Catch
9,2,Catch,173.3508,241.6566,5281,0.997,Catch
255,16,Hit,173.3232,207.0837,3499,0.272,Hit
7,2,Catch,-180.7479,221.7756,4191,0.878,Catch
9,2,Catch,96.1068,205.9206,3895,0.939,Catch
255,16,Hit,-72.5817,196.3317,1816,0.003,Hit
7,2,Catch,-122.7411,251.0403,3301,0.996,Catch
255,16,Hit,147.5148,212.5797,2113,0.081,Hit
9,2,Catch,189.0204,191.5308,5808,0.973,Catch
255,16,Hit,97.4694,110.9133,1750,0.001,Hit
8,2,Catch,28.0053,268.1571,3895,0.987,Catch
8,2,Catch,0.485991,269.9568,5809,0.995,Catch
7,2,Catch,-118.3215,247.9083,3102,0.987,Catch
8,2,Catch,13.46397,350.676,5545,1,Catch
8,2,Catch,9.06399,381.849,5644,0.956,Catch
9,2,Catch,68.427,279.9828,3828,0.972,Catch
8,2,Catch,-19.6824,307.767,3169,0.968,Catch
255,16,Hit,64.3293,249.4179,3994,0.259,Hit
255,16,Hit,-77.7747,213.9897,2080,0.004,Hit
255,16,Hit,-29.80347,248.0289,2442,0.004,Hit
255,16,Hit,-96.4272,203.1147,3201,0.135,Hit
7,2,Catch,-105.9969,271.5681,4224,0.985,Catch
255,16,Hit,73.1643,375.393,4687,0.16,Hit
255,16,Hit,-113.8767,186.3033,2541,0.03,Hit
7,2,Catch,-159.1341,199.8414,5215,0.973,Catch
8,2,Catch,-10.81242,322.491,3333,0.996,Catch
8,2,Catch,8.67609,292.842,4423,0.997,Catch
8,2,Catch,-7.20363,310.071,5875,0.998,Catch
255,16,Hit,-63.7497,303.018,2938,0.181,Hit
8,2,Catch,67.3278,296.3082,2971,0.753,Catch
7,2,Catch,-127.4451,271.551,3730,0.987,Catch
255,16,Hit,-37.5033,380.403,4159,0.081,Hit
8,2,Catch,-20.20653,254.496,3466,0.846,Catch
255,16,Hit,19.60875,164.5422,1350,0,Hit
9,2,Catch,135.6615,237.3273,6100,0.999,Catch
255,16,Hit,52.7628,193.0356,2050,0.007,Hit
9,2,Catch,60.9726,195.8109,6050,0.993,Catch
9,2,Catch,89.7816,241.6437,3250,0.852,Catch
7,2,Catch,-84.738,278.553,5850,1,Catch
255,16,Hit,135.9852,152.0217,1850,0.012,Hit
255,16,Hit,77.172,225.2835,2100,0.011,Hit
7,2,Catch,-47.9688,265.5042,6150,0.99,Catch
8,2,Catch,-0.317127,271.6158,2850,0.875,Catch
255,16,Hit,-166.4175,194.7987,2200,0.02,Hit
255,16,Hit,65.9781,153.1431,1450,0.001,Hit
255,16,Hit,-58.1412,282.4758,3550,0.293,Hit
8,2,Catch,-71.1768,289.2399,6050,0.997,Catch
255,16,Hit,71.9334,186.5514,2150,0.004,Hit
7,2,Catch,-160.1001,186.2679,6650,0.972,Catch
255,16,Hit,-56.0925,232.4349,2400,0.024,Hit
255,16,Hit,-30.4812,181.8972,1800,0,Hit
9,2,Catch,149.1603,215.397,4600,0.987,Catch
8,2,Catch,22.80171,293.3364,2750,0.892,Catch
255,16,Hit,-33.2778,177.3993,1650,0.001,Hit
255,16,Hit,-17.69826,224.1117,2150,0.001,Hit
7,2,Catch,-170.3877,228.6369,4550,0.986,Catch
255,16,Hit,86.9307,204.4848,2900,0.059,Hit
9,2,Catch,100.1076,187.5453,5350,0.982,Catch
8,2,Catch,85.9653,361.02,5050,0.971,Catch
7,2,Catch,-188.2725,201.5385,4800,0.985,Catch
255,16,Hit,49.4799,257.1186,2500,0.072,Hit
7,2,Catch,-149.7009,163.884,5350,0.969,Catch
255,16,Hit,-38.7663,216.654,2400,0.035,Hit
7,2,Catch,-159.9165,215.2824,4050,0.902,Catch
9,2,Catch,95.9637,234.402,2350,0.686,Catch
7,2,Catch,-179.9892,174.6906,6100,0.991,Catch
9,2,Catch,99.9618,229.0833,2400,0.716,Catch
255,16,Hit,-158.9271,173.5254,2150,0.014,Hit
9,2,Catch,68.5887,331.665,5200,0.996,Catch
255,16,Hit,-66.9267,122.8059,1100,0,Hit
255,16,Hit,-84.9009,86.3232,1300,0.001,Hit
8,2,Catch,44.9274,306.339,2950,0.763,Catch
255,16,Hit,145.494,182.5311,2200,0.011,Hit
9,2,Catch,216.9075,243.3279,5150,0.91,Catch
7,2,Catch,-91.3578,250.6512,3850,0.98,Catch
8,2,Catch,-35.2425,300.753,5950,0.997,Catch
255,16,Hit,202.3626,230.0598,2950,0.118,Hit
8,2,Catch,-7.7685,260.0619,2700,0.662,Catch
255,16,Hit,114.6306,134.6346,2699,0.059,Hit
255,16,Hit,46.3677,150.102,1650,0,Hit
9,2,Catch,133.6371,240.9048,3400,0.939,Catch
255,16,Hit,-7.26087,152.3946,2000,0.001,Hit
9,2,Catch,61.812,235.5915,4900,0.976,Catch
255,16,Hit,200.5791,228.9036,3200,0.056,Hit
255,16,Hit,-4.27497,153.2418,1050,0,Hit
9,2,Catch,98.1852,294.0435,5500,0.997,Catch
8,2,Catch,-81.0465,305.247,5550,0.992,Catch
9,2,Catch,150.7668,247.2852,3250,0.948,Catch
8,2,Catch,71.5806,324.63,5000,0.988,Catch
255,16,Hit,88.6287,366.201,4500,0.13,Hit
255,16,Hit,-33.1587,207.6216,2050,0,Hit
255,16,Hit,-60.3243,356.952,3550,0.091,Hit
255,16,Hit,149.7825,181.1748,3050,0.068,Hit
255,16,Hit,19.17192,265.4307,3350,0.268,Hit
255,16,Hit,-71.8866,235.671,2800,0.08,Hit
255,16,Hit,-65.8719,127.7217,2050,0,Hit
255,16,Hit,-99.1257,160.6047,1700,0.005,Hit
7,2,Catch,-106.7796,256.1958,5350,1,Catch
9,2,Catch,142.3203,210.6102,5150,0.998,Catch
9,2,Catch,123.8142,156.2424,4300,0.87,Catch
7,2,Catch,-158.925,231.5397,3099,0.835,Catch
255,16,Hit,-20.5827,187.4649,1600,0.004,Hit
9,2,Catch,94.3134,226.7739,3850,0.976,Catch
255,16,Hit,-69.3669,128.1561,1450,0,Hit
8,2,Catch,-56.2458,342.783,1650,0.765,Catch
255,16,Hit,-29.58528,164.2881,1400,0,Hit
9,2,Catch,126.8619,282.7326,4600,0.995,Catch
255,16,Hit,4.40424,267.0213,3200,0.208,Hit
8,2,Catch,-38.1468,303.837,3900,0.963,Catch
255,16,Hit,-52.1928,212.196,2350,0.011,Hit
7,2,Catch,-105.8454,300.324,5800,1,Catch
255,16,Hit,-180.3588,254.1273,4250,0.389,Hit
7,2,Catch,-138.4197,277.6548,4800,0.996,Catch
255,16,Hit,-50.8017,190.5789,1750,0.001,Hit
255,16,Hit,-70.6863,315.375,3850,0.294,Hit
8,2,Catch,10.35177,355.362,6300,1,Catch
255,16,Hit,-67.248,303.735,3750,0.358,Hit
8,2,Catch,-9.32649,327.9,4350,0.985,Catch
8,2,Catch,-33.7698,219.1689,5950,0.992,Catch
255,16,Hit,-30.2385,280.2048,2350,0.149,Hit
9,2,Catch,147.2091,212.0325,4800,0.991,Catch
8,2,Catch,-45.8988,340.269,4200,0.926,Catch
255,16,Hit,160.833,194.2848,4100,0.364,Hit
255,16,Hit,37.9983,238.332,3000,0.034,Hit
9,2,Catch,164.1081,215.1771,3750,0.953,Catch
8,2,Catch,24.1263,332.799,6050,0.998,Catch
9,2,Catch,84.8715,281.0688,4599,0.958,Catch
8,2,Catch,-40.1559,270.0117,4550,0.989,Catch
9,2,Catch,77.9817,265.2312,3800,0.975,Catch
7,2,Catch,-130.9098,303.042,4950,0.997,Catch
8,2,Catch,-19.42245,351.597,3700,0.959,Catch
7,2,Catch,-65.4018,280.8468,4450,0.995,Catch
255,16,Hit,-197.8278,236.5059,2750,0.159,Hit
255,16,Hit,66.9561,216.9477,2300,0.018,Hit
9,2,Catch,107.9127,227.7231,5150,0.991,Catch
255,16,Hit,14.27862,140.6337,1100,0,Hit
255,16,Hit,100.4301,111.1056,2250,0.005,Hit
7,2,Catch,-178.713,207.717,5400,0.991,Catch
255,16,Hit,3.87252,133.9287,1050,0.001,Hit
8,2,Catch,35.5707,316.593,3900,0.991,Catch
255,16,Hit,-9.67692,125.4957,1150,0,Hit
9,2,Catch,120.6492,253.578,6200,0.993,Catch
8,2,Catch,-103.9929,369.711,2300,0.833,Catch
255,16,Hit,35.034,270.6297,2500,0.211,Hit
8,2,Catch,31.6266,275.3961,5550,0.986,Catch
9,2,Catch,93.5271,216.0405,6150,0.997,Catch
255,16,Hit,-101.7624,211.4256,2600,0.141,Hit
9,2,Catch,208.8705,234.297,4450,0.902,Catch
255,16,Hit,-105.3231,230.3103,2450,0.209,Hit
255,16,Hit,-55.5336,113.7951,1100,0,Hit
7,2,Catch,-149.3136,292.6902,5250,1,Catch
7,2,Catch,-170.2578,172.3764,4700,0.965,Catch
7,2,Catch,-106.122,259.2657,3350,0.979,Catch
9,2,Catch,155.8548,238.5762,5050,0.992,Catch
9,2,Catch,141.3075,193.0728,4500,0.972,Catch
255,16,Hit,-80.9715,296.6916,2950,0.191,Hit
7,2,Catch,-164.928,307.257,4700,0.997,Catch
7,2,Catch,-129.2502,229.9335,2850,0.906,Catch
8,2,Catch,51.1806,289.578,3750,0.935,Catch
9,2,Catch,172.4112,222.1569,3300,0.934,Catch
8,2,Catch,-22.686,347.193,4850,1,Catch
255,16,Hit,113.1987,151.3947,2250,0.01,Hit
255,16,Hit,0.329841,256.1898,2200,0.08,Hit
7,2,Catch,-174.2655,235.0257,3250,0.817,Catch
255,16,Hit,15.27069,238.7622,2250,0.004,Hit
7,2,Catch,-158.1915,240.9024,3800,0.997,Catch
9,2,Catch,122.2092,262.7193,2800,0.949,Catch
8,2,Catch,13.6236,362.76,4700,0.982,Catch
7,2,Catch,-167.805,251.3058,2800,0.759,Catch
255,16,Hit,-70.8663,139.0263,1700,0,Hit
255,16,Hit,56.5806,287.9757,3250,0.222,Hit
9,2,Catch,99.3921,286.9344,3550,0.861,Catch
9,2,Catch,100.6662,197.8032,6400,0.999,Catch
8,2,Catch,-35.2062,375.624,4650,0.782,Catch
255,16,Hit,-20.14176,273.5799,2600,0.129,Hit
8,2,Catch,28.9167,300.831,5350,0.998,Catch
255,16,Hit,96.5985,182.1015,1700,0.005,Hit
8,2,Catch,33.6939,378.144,5900,0.983,Catch
9,2,Catch,169.68,177.2181,4100,0.89,Catch
8,2,Catch,33.5469,269.6406,3450,0.915,Catch
255,16,Hit,-45.4914,259.4262,2850,0.168,Hit
7,2,Catch,-105.6795,331.356,5950,0.993,Catch
8,2,Catch,-61.0569,295.1184,5700,1,Catch
255,16,Hit,-62.9745,135.0471,1200,0,Hit
9,2,Catch,131.9493,234.9714,4900,0.998,Catch
255,16,Hit,-56.2176,172.4508,1550,0.007,Hit
8,2,Catch,56.2962,322.656,3400,0.742,Catch
255,16,Hit,86.3409,232.3821,2200,0.017,Hit
9,2,Catch,89.64,229.7889,2900,0.683,Catch
255,16,Hit,136.0863,213.4317,2300,0.05,Hit
8,2,Catch,-13.18794,336.336,5500,0.999,Catch
255,16,Hit,-60.5814,264.5469,2700,0.079,Hit
255,16,Hit,189.4041,249.5241,3550,0.222,Hit
8,2,Catch,17.86521,297.4722,3050,0.928,Catch
9,2,Catch,191.6445,213.0207,4850,0.956,Catch
255,16,Hit,48.2034,247.7697,3150,0.216,Hit
255,16,Hit,154.3302,156.0108,3700,0.148,Hit
8,2,Catch,-23.5239,370.539,4600,0.922,Catch
255,16,Hit,-212.4075,231.8433,4650,0.205,Hit
7,2,Catch,-74.049,291.5166,4600,0.993,Catch
9,2,Catch,73.2534,273.8463,4300,0.993,Catch
8,2,Catch,-45.8106,330.066,4550,0.981,Catch
9,2,Catch,120.6204,154.134,5500,0.987,Catch
7,2,Catch,-167.0139,216.7485,5600,0.947,Catch
255,16,Hit,87.9273,222.6846,3200,0.234,Hit
8,2,Catch,24.3072,359.7,4600,0.984,Catch
255,16,Hit,-74.5095,385.152,5600,0.28,Hit
7,2,Catch,-93.2376,273.2766,4700,0.999,Catch
8,2,Catch,41.2281,313.113,4200,0.982,Catch
255,16,Hit,-102.4851,207.9918,2150,0.04,Hit
255,16,Hit,0.744873,155.4996,1250,0,Hit
7,2,Catch,-125.2932,344.955,4700,0.945,Catch
255,16,Hit,-90.9144,246.4863,2300,0.073,Hit
9,2,Catch,97.9395,308.019,4750,0.987,Catch
255,16,Hit,-131.5401,183.7014,2750,0.043,Hit
255,16,Hit,3.78726,187.0764,1900,0.001,Hit
9,2,Catch,143.5389,198.9171,2900,0.843,Catch
255,16,Hit,-36.4332,270.5028,3100,0.271,Hit
9,2,Catch,138.888,190.9443,5500,0.981,Catch
255,16,Hit,136.1187,182.0181,3200,0.059,Hit
255,16,Hit,73.8666,131.5281,2050,0,Hit
255,16,Hit,65.5308,201.969,1750,0,Hit
255,16,Hit,-125.4024,315.195,3000,0.29,Hit
9,2,Catch,122.3598,293.6907,4450,0.981,Catch
255,16,Hit,-32.9856,173.2995,1750,0,Hit
8,2,Catch,-26.45082,319.896,3000,0.839,Catch
255,16,Hit,5.79174,125.4225,1150,0,Hit
9,2,Catch,88.3311,288.5259,5250,0.998,Catch
8,2,Catch,-4.1322,346.962,3700,0.957,Catch
8,2,Catch,37.5108,300.471,4600,1,Catch
255,16,Hit,-9.0609,129.5097,1600,0,Hit
255,16,Hit,-201.3198,260.3787,3650,0.189,Hit
7,2,Catch,-112.4481,227.082,5850,0.984,Catch
8,2,Catch,2.037528,367.353,4900,0.97,Catch
8,2,Catch,-23.66031,283.3698,5600,0.999,Catch
255,16,Hit,219.0615,222.4998,4850,0.337,Hit
8,2,Catch,-3.91551,266.6049,3000,0.827,Catch
255,16,Hit,156.0648,162.0618,2250,0.006,Hit
8,2,Catch,-29.31492,281.4558,3200,0.667,Catch
8,2,Catch,29.4351,363.363,4000,0.901,Catch
7,2,Catch,-157.9863,309.219,5150,0.996,Catch
255,16,Hit,-179.6571,191.7036,3250,0.072,Hit
9,2,Catch,119.3058,226.7469,5800,0.991,Catch
255,16,Hit,-51.0789,231.9798,2550,0.009,Hit
8,2,Catch,18.5121,368.061,5800,0.998,Catch
255,16,Hit,-5.19525,150.9822,1600,0,Hit
8,2,Catch,98.5437,313.359,5350,0.996,Catch
8,2,Catch,-26.48865,316.533,5400,1,Catch
9,2,Catch,214.0692,217.5711,1250,0.728,Catch
255,16,Hit,-65.9079,254.9445,2250,0.02,Hit
9,2,Catch,111.6465,299.3367,5350,0.995,Catch
255,16,Hit,87.5766,166.1481,2000,0,Hit
255,16,Hit,116.6079,344.256,4200,0.124,Hit
8,2,Catch,-69.9894,363.294,5750,0.993,Catch
7,2,Catch,-79.0884,223.3908,6300,0.997,Catch
255,16,Hit,81.963,210.657,2000,0.006,Hit
8,2,Catch,-54.1704,368.568,6100,0.994,Catch
255,16,Hit,85.6833,345.684,4450,0.168,Hit
8,2,Catch,-75.1089,257.964,6550,0.989,Catch
8,2,Catch,38.6274,288.2376,5400,0.995,Catch
8,2,Catch,60.9795,366.432,4850,0.919,Catch
9,2,Catch,129.225,273.9555,3750,0.968,Catch
255,16,Hit,-96.1635,264.5184,2800,0.323,Hit
7,2,Catch,-132.3201,264.6789,4800,0.996,Catch
255,16,Hit,20.21778,276.6708,2600,0.224,Hit
8,2,Catch,-6.2283,303.144,4900,1,Catch
8,2,Catch,-42.5334,254.838,5800,0.99,Catch
9,2,Catch,60.8508,286.5786,5850,0.993,Catch
7,2,Catch,-113.154,256.8003,2800,0.919,Catch
255,16,Hit,137.4066,186.9894,2250,0.005,Hit
9,2,Catch,66.1509,215.2287,6100,0.978,Catch
7,2,Catch,-110.3193,262.05,3200,0.936,Catch
8,2,Catch,6.21678,272.9562,3349,0.761,Catch
9,2,Catch,87.3144,332.928,5150,0.984,Catch
7,2,Catch,-226.3125,223.5879,6300,0.897,Catch
8,2,Catch,32.5305,389.247,5150,0.962,Catch
7,2,Catch,-231.8691,235.5213,5950,0.937,Catch
8,2,Catch,-5.1453,273.7083,5650,0.996,Catch
9,2,Catch,112.3614,192.0819,4600,0.933,Catch
7,2,Catch,-146.2662,252.6228,4950,0.996,Catch
7,2,Catch,-80.9988,191.5863,6400,0.99,Catch
9,2,Catch,156.9423,268.3401,4750,0.994,Catch
255,16,Hit,-49.9083,253.035,2350,0.005,Hit
8,2,Catch,-68.1339,301.176,5600,0.995,Catch
255,16,Hit,73.9779,241.5531,2250,0.009,Hit
255,16,Hit,-73.7775,126.3195,1200,0,Hit
7,2,Catch,-137.5869,220.6587,5800,0.991,Catch
9,2,Catch,121.3854,226.2303,4900,0.992,Catch
8,2,Catch,-24.25104,331.746,3300,0.973,Catch
8,2,Catch,15.48534,332.829,5600,1,Catch
255,16,Hit,4.2378,223.8789,1900,0.001,Hit
7,2,Catch,-126.8193,256.2594,3600,0.939,Catch
7,2,Catch,-137.6097,261.5373,4350,0.991,Catch
8,2,Catch,-16.15773,263.7534,5350,0.991,Catch
255,16,Hit,69.2979,250.7556,2550,0.034,Hit
8,2,Catch,-44.3304,368.115,5600,0.977,Catch
255,16,Hit,-85.452,103.8894,1450,0,Hit
8,2,Catch,42.3135,321.654,4950,1,Catch
255,16,Hit,46.0827,371.1,4800,0.411,Hit
7,2,Catch,-91.926,274.6602,3900,0.991,Catch
255,16,Hit,-29.70498,262.9527,2600,0.042,Hit
255,16,Hit,-84.1689,335.436,4300,0.311,Hit
9,2,Catch,58.1178,243.8469,6450,0.99,Catch
9,2,Catch,132.5091,222.1125,2750,0.96,Catch
9,2,Catch,63.4152,196.9071,6300,0.991,Catch
255,16,Hit,-16.58682,384.519,4550,0.261,Hit
7,2,Catch,-133.1061,274.3674,3550,0.941,Catch
8,2,Catch,-36.4365,322.056,5450,1,Catch
7,2,Catch,-175.9206,179.5473,4850,0.986,Catch
8,2,Catch,-62.7027,296.7852,5550,0.998,Catch
255,16,Hit,-121.7091,164.3088,2000,0.002,Hit
255,16,Hit,-133.0065,177.0714,2650,0.008,Hit
255,16,Hit,55.2117,187.0014,1800,0.001,Hit
255,16,Hit,151.5948,221.4009,2500,0.247,Hit
255,16,Hit,128.2989,197.133,2600,0.247,Hit
9,2,Catch,136.6563,254.5533,5200,0.992,Catch
9,2,Catch,77.6451,234.8697,3600,0.819,Catch
9,2,Catch,121.4079,285.759,3200,0.913,Catch
255,16,Hit,-172.5312,206.4294,2450,0.061,Hit
8,2,Catch,-21.59679,352.74,6250,1,Catch
8,2,Catch,39.9192,297.3648,3850,0.986,Catch
8,2,Catch,12.96732,319.32,5050,1,Catch
7,2,Catch,-136.161,226.098,6000,0.99,Catch
8,2,Catch,30.8625,345.486,3950,0.97,Catch
8,2,Catch,-73.935,347.928,5000,0.985,Catch
255,16,Hit,99.5847,281.8272,3700,0.355,Hit
7,2,Catch,-107.6661,265.0521,2950,0.886,Catch
255,16,Hit,-2.619735,140.0856,1500,0,Hit
8,2,Catch,-15.88479,314.793,4800,0.99,Catch
9,2,Catch,165.2496,194.9454,5400,0.999,Catch
9,2,Catch,117.6567,239.6403,2450,0.822,Catch
8,2,Catch,-1.0659,339.429,6350,1,Catch
255,16,Hit,151.9497,237.6015,3000,0.236,Hit
255,16,Hit,-105.4107,244.5516,2400,0.167,Hit
9,2,Catch,155.0544,172.2843,4450,0.842,Catch
7,2,Catch,-75.5085,247.755,3200,0.828,Catch
255,16,Hit,197.9631,208.8663,3600,0.111,Hit
255,16,Hit,-103.476,117.8535,1550,0.001,Hit
9,2,Catch,121.3023,265.8999,5650,0.999,Catch
9,2,Catch,90.57,308.139,4750,0.992,Catch
9,2,Catch,106.4484,348.249,3950,0.808,Catch
8,2,Catch,14.99349,301.311,3450,0.949,Catch
8,2,Catch,-0.416634,331.854,5200,0.998,Catch
255,16,Hit,30.1239,228.9474,2100,0.001,Hit
255,16,Hit,68.2668,382.473,4100,0.094,Hit
8,2,Catch,57.2835,330.795,3700,0.889,Catch
255,16,Hit,152.9328,177.4494,2500,0.023,Hit
9,2,Catch,129.669,240.4806,4300,0.999,Catch
255,16,Hit,131.8236,145.4001,2350,0.011,Hit
255,16,Hit,-101.3019,128.3661,1600,0,Hit
8,2,Catch,34.9821,319.023,3350,0.96,Catch
9,2,Catch,107.9904,230.3691,4050,0.913,Catch
255,16,Hit,-70.5942,184.1028,1950,0.008,Hit
255,16,Hit,-3.23493,236.8668,3000,0.048,Hit
8,2,Catch,37.3677,294.4527,4050,0.99,Catch
255,16,Hit,214.2921,225.5268,4300,0.256,Hit
8,2,Catch,26.376,222.4635,5800,0.977,Catch
255,16,Hit,-118.0098,141.7284,1500,0.002,Hit
255,16,Hit,-127.71,180.816,2450,0.01,Hit
255,16,Hit,92.9373,338.103,3650,0.054,Hit
9,2,Catch,121.6707,270.0426,3200,0.965,Catch
255,16,Hit,68.7372,266.6043,2800,0.173,Hit
255,16,Hit,-38.7834,210.0513,2900,0.009,Hit
255,16,Hit,-72.216,132.6714,1850,0,Hit
9,2,Catch,146.3697,267.1479,3300,0.975,Catch
7,2,Catch,-157.581,257.5359,3050,0.945,Catch
255,16,Hit,11.2257,207.7416,2250,0,Hit
8,2,Catch,78.2826,284.0193,5500,0.997,Catch
255,16,Hit,122.289,127.6074,1650,0.007,Hit
255,16,Hit,-171.4749,174.7479,2500,0.047,Hit
255,16,Hit,-29.31066,186.6354,1800,0.001,Hit
7,2,Catch,-94.2549,241.5447,2850,0.76,Catch
255,16,Hit,-204.1689,225.4785,3200,0.127,Hit
255,16,Hit,-111.7536,212.1753,2150,0.061,Hit
255,16,Hit,40.6182,278.6493,2750,0.224,Hit
8,2,Catch,-13.47528,362.331,5600,0.996,Catch
8,2,Catch,-51.0885,247.1985,3100,0.766,Catch
7,2,Catch,-69.7563,188.8668,6700,0.993,Catch
255,16,Hit,24.60369,171.1947,1800,0,Hit
7,2,Catch,-114.0726,307.506,5100,0.992,Catch
255,16,Hit,-10.48473,202.5837,3200,0.025,Hit
8,2,Catch,34.0713,369.843,4800,0.922,Catch
8,2,Catch,42.8766,316.173,6400,1,Catch
8,2,Catch,42.1113,347.295,5150,1,Catch
7,2,Catch,-76.6551,334.422,6400,0.996,Catch
8,2,Catch,-39.4644,290.5467,3750,0.987,Catch
255,16,Hit,97.4412,160.5198,2100,0.001,Hit
255,16,Hit,130.6086,158.5965,2500,0.019,Hit
7,2,Catch,-89.148,243.1395,4750,0.984,Catch
7,2,Catch,-140.1609,234.198,2750,0.781,Catch
9,2,Catch,71.9613,293.8878,6300,1,Catch
7,2,Catch,-167.8482,170.3532,6450,0.991,Catch
255,16,Hit,29.14359,195.7053,2300,0.001,Hit
255,16,Hit,-88.1526,139.8693,1600,0,Hit
255,16,Hit,36.7611,189.0123,1750,0.005,Hit
7,2,Catch,-125.337,131.9028,2800,0.646,Catch
8,2,Catch,6.81813,318.507,3450,0.973,Catch
255,16,Hit,103.1379,145.4652,2900,0.044,Hit
255,16,Hit,-77.5029,216.1836,2600,0.038,Hit
9,2,Catch,191.6595,264.6585,4950,0.939,Catch
255,16,Hit,-50.9892,324.96,4000,0.343,Hit
7,2,Catch,-66.4401,223.9476,4450,0.987,Catch
7,2,Catch,-109.1112,360.747,5400,0.947,Catch
255,16,Hit,-11.11773,266.7174,2650,0.213,Hit
255,16,Hit,-97.4622,175.8855,2250,0.018,Hit
255,16,Hit,145.4718,203.811,2250,0.061,Hit
255,16,Hit,63.9456,124.71,1150,0,Hit
9,2,Catch,120.9183,274.1805,5550,0.995,Catch
255,16,Hit,-101.4105,194.3328,2650,0.051,Hit
255,16,Hit,-107.1477,192.2019,3050,0.121,Hit
7,2,Catch,-104.9262,309.234,5800,0.995,Catch
255,16,Hit,6.34197,173.4819,1750,0,Hit
9,2,Catch,138.8007,249.4212,3150,0.929,Catch
255,16,Hit,60.753,172.7112,2100,0.001,Hit
255,16,Hit,-46.2132,118.9803,1050,0,Hit
255,16,Hit,14.43633,161.802,1800,0,Hit
255,16,Hit,-102.3123,113.6883,1250,0.002,Hit
7,2,Catch,-182.0577,266.6889,5900,0.974,Catch
255,16,Hit,66.0042,190.1448,2750,0.007,Hit
255,16,Hit,-82.0806,201.0339,1750,0.003,Hit
8,2,Catch,-4.75857,292.5948,3200,0.828,Catch
7,2,Catch,-163.7352,203.907,4300,0.997,Catch
9,2,Catch,130.1118,315.195,4250,0.991,Catch
255,16,Hit,128.9526,173.637,2400,0.008,Hit
255,16,Hit,120.5139,309.384,3650,0.271,Hit
7,2,Catch,-87.2673,243.2895,3800,0.95,Catch
255,16,Hit,40.5225,163.3761,1400,0,Hit
8,2,Catch,-29.01843,272.2662,5350,0.997,Catch
255,16,Hit,-80.325,343.728,3600,0.143,Hit
255,16,Hit,31.3146,171.3402,1450,0,Hit
7,2,Catch,-174.4176,210.4602,6100,0.984,Catch
255,16,Hit,95.9325,156.7266,1700,0.007,Hit
7,2,Catch,-126.156,347.556,6050,0.991,Catch
9,2,Catch,194.1522,188.9175,4400,0.906,Catch
8,2,Catch,59.0586,333.909,4050,0.856,Catch
255,16,Hit,-153.7464,166.0581,2650,0.013,Hit
255,16,Hit,84.3618,279.141,3200,0.264,Hit
255,16,Hit,109.4553,367.359,5400,0.313,Hit
8,2,Catch,-17.75706,281.2134,2750,0.871,Catch
8,2,Catch,-92.2845,330.87,6150,0.997,Catch
255,16,Hit,48.5298,243.8175,2150,0.003,Hit
9,2,Catch,208.3302,221.6196,5600,0.954,Catch
7,2,Catch,-106.5147,255.786,2650,0.898,Catch
255,16,Hit,89.5791,241.2363,2300,0.065,Hit
255,16,Hit,-60.4884,110.5242,1150,0.002,Hit
9,2,Catch,147.8838,209.4873,2550,0.763,Catch
255,16,Hit,91.5846,151.3599,1950,0.002,Hit
255,16,Hit,77.6409,304.068,2900,0.167,Hit
7,2,Catch,-60.864,220.2969,6450,0.994,Catch
255,16,Hit,-95.2992,189.8589,1850,0.018,Hit
7,2,Catch,-163.2903,309.264,5200,0.998,Catch
7,2,Catch,-78.4188,289.0695,3750,0.977,Catch
8,2,Catch,71.3175,321.288,5100,0.997,Catch
9,2,Catch,91.2216,278.2725,5250,1,Catch
255,16,Hit,-49.1502,340.551,3750,0.279,Hit
255,16,Hit,-32.1885,214.872,1950,0.001,Hit
8,2,Catch,62.4333,329.418,5400,0.997,Catch
8,2,Catch,26.31258,276.1176,2450,0.723,Catch
9,2,Catch,123.8676,268.5387,6050,1,Catch
9,2,Catch,118.5291,269.5101,6000,0.996,Catch
255,16,Hit,-96.8868,144.5769,2950,0.039,Hit
255,16,Hit,40.1316,279.693,3100,0.278,Hit
255,16,Hit,-87.9927,184.5246,2200,0.001,Hit
255,16,Hit,70.9986,312.861,3400,0.23,Hit
255,16,Hit,214.5948,236.8632,3100,0.084,Hit
9,2,Catch,129.915,152.3892,5400,0.967,Catch
9,2,Catch,135.8097,201.6216,5350,0.989,Catch
255,16,Hit,92.5632,193.5192,1850,0.014,Hit
8,2,Catch,-12.03177,306.039,3400,0.961,Catch
8,2,Catch,101.1507,345.021,4100,0.797,Catch
255,16,Hit,127.5999,151.3692,1650,0.005,Hit
255,16,Hit,76.9146,157.9254,1500,0.002,Hit
255,16,Hit,0.425841,210.7926,2800,0.03,Hit
255,16,Hit,-108.7887,199.4496,3350,0.171,Hit
8,2,Catch,-65.3463,269.0865,2800,0.8,Catch
8,2,Catch,17.2425,269.4189,6850,1,Catch
255,16,Hit,83.6385,337.14,3400,0.075,Hit
255,16,Hit,-122.8071,130.8138,1600,0.017,Hit
255,16,Hit,45.8109,179.568,1650,0.003,Hit
7,2,Catch,-91.4637,310.446,4350,0.971,Catch
255,16,Hit,-161.7411,196.9371,2900,0.178,Hit
255,16,Hit,29.54475,194.3337,2000,0.001,Hit
8,2,Catch,-9.81903,256.2657,2500,0.587,Catch
7,2,Catch,-85.6407,222.5517,5200,0.995,Catch
255,16,Hit,-23.35659,204.2874,2750,0.013,Hit
7,2,Catch,-117.6435,246.4188,3050,0.961,Catch
7,2,Catch,-101.4249,255.8922,4650,0.987,Catch
255,16,Hit,79.0614,322.686,3450,0.201,Hit
7,2,Catch,-108.8151,238.6686,6000,0.995,Catch
8,2,Catch,-86.7813,362.769,1250,0.803,Catch
8,2,Catch,-36.1881,351.24,5250,1,Catch
8,2,Catch,55.3836,289.866,5250,0.996,Catch
8,2,Catch,-57.4524,337.275,5800,0.995,Catch
8,2,Catch,-1.165221,292.1091,3950,0.988,Catch
8,2,Catch,35.6013,232.158,6550,0.969,Catch
8,2,Catch,-13.73001,314.112,3350,0.97,Catch
255,16,Hit,91.4904,131.316,1450,0,Hit
255,16,Hit,-3.02679,244.401,2050,0.006,Hit
8,2,Catch,-65.7588,290.9862,3450,0.888,Catch
255,16,Hit,55.1727,142.8462,1400,0.001,Hit
255,16,Hit,73.4184,159.114,1500,0,Hit
7,2,Catch,-132.9255,242.1012,4500,0.99,Catch
255,16,Hit,-27.82413,251.0352,2300,0.003,Hit
255,16,Hit,-25.57512,239.2764,3100,0.151,Hit
255,16,Hit,-70.6281,126.0831,1150,0,Hit
255,16,Hit,135.261,287.2311,3400,0.407,Hit
9,2,Catch,164.6571,194.3406,4350,0.941,Catch
9,2,Catch,184.6749,208.3119,5450,0.996,Catch
255,16,Hit,-62.4075,225.5697,2500,0.015,Hit
255,16,Hit,-122.6811,217.7766,2250,0.11,Hit
255,16,Hit,-89.0145,208.05,2350,0.035,Hit
255,16,Hit,-54.9726,159.2535,1400,0,Hit
8,2,Catch,3.38373,305.025,4500,0.999,Catch
255,16,Hit,-45.4269,211.6149,2750,0.02,Hit
255,16,Hit,-61.8945,249,2800,0.067,Hit
9,2,Catch,105.1038,302.025,6000,0.998,Catch
8,2,Catch,-2.68455,315.105,3850,0.934,Catch
255,16,Hit,-156.0387,173.8059,2250,0.009,Hit
9,2,Catch,73.2306,276.4995,3250,0.767,Catch
255,16,Hit,21.72678,190.2759,1950,0,Hit
7,2,Catch,-62.9223,179.5557,6600,0.981,Catch
255,16,Hit,85.029,305.292,3250,0.16,Hit
9,2,Catch,171.8007,167.1996,4400,0.896,Catch
7,2,Catch,-200.934,213.1767,5850,0.938,Catch
255,16,Hit,-107.0859,110.1093,1200,0.002,Hit
9,2,Catch,90.4059,314.958,5700,0.998,Catch
7,2,Catch,-99.003,298.7847,3500,0.795,Catch
255,16,Hit,73.9869,199.458,2700,0.019,Hit
9,2,Catch,131.2059,228.4164,2750,0.973,Catch
8,2,Catch,-40.4625,299.6322,3700,0.979,Catch
7,2,Catch,-123.2388,247.3557,3250,0.966,Catch
8,2,Catch,-13.3821,216.3597,4300,0.904,Catch
255,16,Hit,5.8998,128.3502,1250,0,Hit
9,2,Catch,153.693,222.4356,4350,0.978,Catch
8,2,Catch,-26.45448,300.42,2900,0.761,Catch
255,16,Hit,-109.5891,133.5621,1450,0.003,Hit
255,16,Hit,-112.8216,122.1657,1200,0.005,Hit
255,16,Hit,119.1813,187.9065,4550,0.357,Hit
8,2,Catch,-20.15793,365.181,5700,0.991,Catch
7,2,Catch,-82.5711,285.4422,5200,1,Catch
7,2,Catch,-65.223,253.1841,3850,0.949,Catch
255,16,Hit,138.2094,144.9435,2550,0.055,Hit
9,2,Catch,91.1499,305.187,4250,0.976,Catch
255,16,Hit,-160.1124,188.7372,3250,0.077,Hit
8,2,Catch,13.58208,325.8,3300,0.992,Catch
255,16,Hit,82.4112,136.7439,2150,0,Hit
8,2,Catch,-68.3715,294.7641,4150,0.99,Catch
255,16,Hit,-20.11434,172.0719,1450,0,Hit
7,2,Catch,-47.562,289.9032,4600,0.99,Catch
8,2,Catch,70.0497,363.645,4800,0.896,Catch
9,2,Catch,123.6588,267.0528,2700,0.934,Catch
7,2,Catch,-111.4092,309.333,5050,0.995,Catch
7,2,Catch,-23.27805,198.1617,6500,0.984,Catch
255,16,Hit,-24.92631,281.9151,3200,0.364,Hit
255,16,Hit,74.1687,181.2861,1650,0.001,Hit
255,16,Hit,102.5697,357.603,4700,0.269,Hit
7,2,Catch,-189.0066,193.7448,4950,0.992,Catch
255,16,Hit,38.0298,249.435,2350,0.007,Hit
7,2,Catch,-100.2495,237.1548,2350,0.754,Catch
255,16,Hit,83.8947,235.8105,2900,0.087,Hit
9,2,Catch,132.6987,300.819,5300,0.999,Catch
255,16,Hit,-172.6593,200.8887,3750,0.269,Hit
9,2,Catch,119.1858,226.4718,2350,0.803,Catch
255,16,Hit,11.48829,270.8622,2750,0.296,Hit
9,2,Catch,147.9504,272.8536,5850,0.992,Catch
7,2,Catch,-100.7865,237.0678,6900,0.997,Catch
7,2,Catch,-133.4754,210.2802,6050,0.993,Catch
8,2,Catch,34.3824,322.911,4550,0.998,Catch
8,2,Catch,11.66031,283.1784,6500,0.996,Catch
9,2,Catch,68.4621,334.719,5800,0.999,Catch
9,2,Catch,154.0872,219.4575,2800,0.879,Catch
255,16,Hit,-144.078,156.0276,2850,0.079,Hit
255,16,Hit,122.6085,182.4969,3400,0.124,Hit
255,16,Hit,-81.4557,228.4026,2000,0.008,Hit
255,16,Hit,-108.6159,147.4512,1400,0,Hit
255,16,Hit,25.13874,216.6843,1800,0.029,Hit
9,2,Catch,177.2457,295.7667,4850,0.998,Catch
7,2,Catch,-147.2463,208.6962,4850,0.996,Catch
8,2,Catch,-0.579852,336.468,3550,0.898,Catch
8,2,Catch,-50.9064,355.827,4650,0.947,Catch
255,16,Hit,126.0048,130.6971,1550,0.004,Hit
255,16,Hit,12.23436,220.8897,2000,0.006,Hit
8,2,Catch,-1.026936,349.347,6250,0.997,Catch
7,2,Catch,-90.9798,270.2577,2700,0.811,Catch
7,2,Catch,-144.582,200.6454,5950,0.994,Catch
255,16,Hit,95.3007,109.701,1700,0.003,Hit
8,2,Catch,0.578526,323.178,4450,0.996,Catch
8,2,Catch,0.340242,363.744,4500,0.935,Catch
7,2,Catch,-123.8136,193.7793,2900,0.703,Catch
7,2,Catch,-89.3178,266.5512,4350,0.981,Catch
7,2,Catch,-141.2529,322.95,5750,0.993,Catch
7,2,Catch,-86.6112,289.629,5250,0.995,Catch
255,16,Hit,-33.6573,280.9584,2600,0.108,Hit
8,2,Catch,29.35464,329.97,3600,0.957,Catch
255,16,Hit,-64.38,345.423,4050,0.245,Hit
9,2,Catch,144.0462,218.1294,4000,0.976,Catch
255,16,Hit,-103.5933,188.3817,1800,0.006,Hit
255,16,Hit,-33.7704,224.0289,2500,0.012,Hit
255,16,Hit,20.00352,132.4362,1200,0,Hit
7,2,Catch,-100.9617,241.0296,2950,0.845,Catch
7,2,Catch,-134.2527,287.4051,4650,0.994,Catch
255,16,Hit,-81.2436,159.4938,1950,0.002,Hit
255,16,Hit,-36.9891,177.6534,1700,0,Hit
255,16,Hit,129.7209,145.0875,1800,0.001,Hit
255,16,Hit,88.902,148.0356,2300,0.001,Hit
8,2,Catch,-9.55428,351.48,4000,0.991,Catch
9,2,Catch,152.7312,252.8778,2850,0.861,Catch
8,2,Catch,-65.4816,361.392,4750,0.941,Catch
9,2,Catch,106.4418,287.8857,4450,0.973,Catch
255,16,Hit,-6.38541,250.8999,2700,0.066,Hit
255,16,Hit,101.2749,201.6639,1950,0.013,Hit
7,2,Catch,-181.4511,233.2164,3800,0.851,Catch
7,2,Catch,-110.0868,247.359,4300,0.978,Catch
255,16,Hit,-165.0936,177.3567,3200,0.041,Hit
8,2,Catch,-46.3617,298.8027,4100,0.98,Catch
255,16,Hit,32.2374,254.2554,2350,0.008,Hit
7,2,Catch,-180.8352,197.5977,5300,0.99,Catch
255,16,Hit,-0.995658,207.4836,1800,0,Hit
8,2,Catch,3.95841,278.1129,5850,1,Catch
255,16,Hit,-14.56932,231.1809,1900,0.013,Hit
255,16,Hit,73.4907,120.9414,1300,0,Hit
255,16,Hit,-51.9648,264.9192,2450,0.025,Hit
255,16,Hit,-101.7231,189.1839,2150,0.002,Hit
255,16,Hit,-118.7664,139.4322,1350,0,Hit
255,16,Hit,-20.88408,170.1282,1450,0,Hit
255,16,Hit,-120.5439,165.8049,4450,0.318,Hit
255,16,Hit,81.5277,344.217,4150,0.253,Hit
9,2,Catch,107.2314,280.1505,3450,0.949,Catch
255,16,Hit,-195.7104,224.5353,4100,0.263,Hit
8,2,Catch,7.90506,302.766,4300,0.998,Catch
7,2,Catch,-158.4252,244.0164,3850,0.989,Catch
255,16,Hit,78.9747,133.5753,1250,0,Hit
9,2,Catch,159.2607,274.3059,4550,0.987,Catch
8,2,Catch,-17.83077,283.1856,4250,0.996,Catch
255,16,Hit,-103.6428,173.8914,2100,0.002,Hit
7,2,Catch,-187.6122,197.3598,5150,0.998,Catch
255,16,Hit,-171.3018,190.1625,3800,0.277,Hit
255,16,Hit,-66.7161,275.2344,2900,0.135,Hit
8,2,Catch,14.4693,275.8143,3650,0.948,Catch
255,16,Hit,97.7199,164.2497,1850,0.001,Hit
8,2,Catch,40.5786,342.156,4700,0.948,Catch
255,16,Hit,81.6216,163.8888,1500,0.001,Hit
9,2,Catch,139.4976,212.6523,4100,0.9,Catch
255,16,Hit,21.76668,257.9451,2300,0.04,Hit
8,2,Catch,17.94036,300.564,5800,1,Catch
255,16,Hit,41.2323,259.782,2400,0.018,Hit
8,2,Catch,-2.440566,268.218,4850,0.999,Catch
255,16,Hit,-40.6329,162.2568,1450,0,Hit
255,16,Hit,-61.8651,360.378,3950,0.144,Hit
255,16,Hit,-65.7174,388.566,4800,0.292,Hit
255,16,Hit,-72.864,116.4804,1300,0,Hit
255,16,Hit,110.1213,181.518,2450,0.035,Hit
255,16,Hit,-10.13244,218.7441,1800,0.006,Hit
255,16,Hit,64.2999,210.9675,4000,0.233,Hit
7,2,Catch,-210.0189,235.9614,4700,0.803,Catch
8,2,Catch,-85.9893,299.4279,4700,0.99,Catch
7,2,Catch,-171.372,276.5097,4000,0.957,Catch
8,2,Catch,32.898,317.361,6050,0.999,Catch
255,16,Hit,-108.8607,115.3251,1700,0.001,Hit
255,16,Hit,-113.3763,205.1019,2300,0.043,Hit
8,2,Catch,29.08059,300.84,2850,0.909,Catch
8,2,Catch,70.8474,336.093,5250,0.972,Catch
9,2,Catch,99.9666,314.205,4300,0.975,Catch
9,2,Catch,106.3074,318.387,5350,0.994,Catch
255,16,Hit,-135.5775,173.7102,2400,0.012,Hit
9,2,Catch,105.2592,336.387,5300,0.947,Catch
255,16,Hit,82.983,260.3079,2450,0.056,Hit
7,2,Catch,-144.9777,219.9669,4150,0.983,Catch
255,16,Hit,196.6113,200.3085,4050,0.183,Hit
7,2,Catch,-139.2585,273.8124,4650,0.994,Catch
255,16,Hit,65.4759,132.4599,1200,0,Hit
255,16,Hit,-98.4237,221.673,3650,0.305,Hit
8,2,Catch,-62.8569,373.74,4850,0.893,Catch
255,16,Hit,84.7587,206.646,3500,0.161,Hit
255,16,Hit,58.4076,117.6198,1500,0,Hit
8,2,Catch,-88.7481,348.171,5650,0.987,Catch
9,2,Catch,117.7362,154.0629,5500,0.968,Catch
255,16,Hit,105.996,156.2817,1800,0.009,Hit
9,2,Catch,166.4256,224.0007,3300,0.983,Catch
8,2,Catch,26.42571,309.246,4350,0.993,Catch
255,16,Hit,-92.1918,155.691,1600,0.001,Hit
255,16,Hit,-40.5933,253.6143,2350,0.003,Hit
8,2,Catch,38.3316,278.8647,4150,0.982,Catch
8,2,Catch,37.0758,323.838,5950,1,Catch
9,2,Catch,81.6846,280.4607,3800,0.963,Catch
8,2,Catch,91.9419,335.085,4300,0.792,Catch
255,16,Hit,44.2764,124.7685,1100,0,Hit
255,16,Hit,67.7364,199.4586,2500,0.012,Hit
255,16,Hit,19.30557,251.904,2700,0.059,Hit
255,16,Hit,-137.9628,153.6582,1650,0.024,Hit
255,16,Hit,-56.8362,208.482,2050,0.007,Hit
255,16,Hit,87.1704,154.3221,2100,0.002,Hit
255,16,Hit,179.2749,184.7109,2750,0.085,Hit
8,2,Catch,-6.97656,328.305,3550,0.946,Catch
255,16,Hit,-96.0594,347.637,3650,0.156,Hit
255,16,Hit,16.18359,230.2857,2200,0.005,Hit
255,16,Hit,-81.0486,307.479,3500,0.217,Hit
7,2,Catch,-97.8468,257.6298,5950,0.985,Catch
7,2,Catch,-170.7948,234.2076,3400,0.95,Catch
255,16,Hit,119.8935,186.6273,2000,0.014,Hit
7,2,Catch,-118.6527,210.8631,4150,0.938,Catch
255,16,Hit,55.992,234.7791,2050,0.021,Hit
8,2,Catch,63.3945,294.4587,4800,0.998,Catch
8,2,Catch,25.09908,325.452,5750,1,Catch
7,2,Catch,-176.7012,199.0335,5100,0.976,Catch
9,2,Catch,156.9273,169.4463,5450,0.959,Catch
8,2,Catch,-9.6675,275.2293,6650,0.994,Catch
255,16,Hit,-118.2648,159.5304,3450,0.071,Hit
255,16,Hit,-87.9486,209.1081,3600,0.208,Hit
255,16,Hit,51.4932,224.0949,2150,0.003,Hit
9,2,Catch,32.9787,199.8225,6300,0.973,Catch
255,16,Hit,112.8189,188.7741,2000,0.009,Hit
8,2,Catch,2.229453,331.131,3750,0.937,Catch
9,2,Catch,76.3152,244.3707,5600,0.99,Catch
7,2,Catch,-126.3375,203.4549,6300,0.998,Catch
9,2,Catch,136.9548,188.4678,5800,0.977,Catch
9,2,Catch,109.1991,161.553,5850,0.976,Catch
255,16,Hit,58.7241,215.0745,3000,0.004,Hit
7,2,Catch,-186.7755,227.7612,4350,0.916,Catch
255,16,Hit,53.946,227.4057,2200,0.004,Hit
7,2,Catch,-80.3952,297.7992,3750,0.886,Catch
7,2,Catch,-164.9352,254.6412,5300,0.991,Catch
8,2,Catch,-24.6147,347.148,4150,0.978,Catch
9,2,Catch,104.5401,340.062,4500,0.748,Catch
255,16,Hit,-183.4137,206.2071,3100,0.081,Hit
255,16,Hit,46.9275,299.1954,2900,0.218,Hit
8,2,Catch,-38.8887,355.692,4800,0.994,Catch
255,16,Hit,-72.3171,383.832,1200,0.26,Hit
255,16,Hit,42.7119,168.9339,1450,0.003,Hit
8,2,Catch,-58.053,297.888,4300,0.989,Catch
7,2,Catch,-80.394,292.5222,3800,0.978,Catch
255,16,Hit,-53.6295,229.149,2050,0.005,Hit
8,2,Catch,-25.2882,233.355,6200,0.985,Catch
9,2,Catch,122.3673,319.686,4750,0.987,Catch
255,16,Hit,-114.4203,237.2718,2200,0.159,Hit
255,16,Hit,139.2861,205.4181,2300,0.019,Hit
8,2,Catch,-36.2607,280.5123,4800,0.995,Catch
9,2,Catch,167.3658,293.8776,5300,0.997,Catch
7,2,Catch,-153.9396,222.8853,4650,0.947,Catch
255,16,Hit,9.27687,225.9102,4750,0.356,Hit
255,16,Hit,87.9429,88.7229,1350,0,Hit
9,2,Catch,102.3447,268.8105,2950,0.773,Catch
255,16,Hit,-51.4089,113.115,1100,0,Hit
8,2,Catch,16.52586,374.718,4550,0.861,Catch
7,2,Catch,-133.7217,290.2929,5200,0.998,Catch
7,2,Catch,-105.2523,183.975,3600,0.708,Catch
255,16,Hit,29.06055,218.8845,1900,0.006,Hit
7,2,Catch,-145.6542,220.776,5400,1,Catch
255,16,Hit,98.2746,210.7629,2050,0.032,Hit
8,2,Catch,-17.37849,303.336,6050,1,Catch
8,2,Catch,9.21432,376.851,6100,0.977,Catch
8,2,Catch,22.284,382.401,5050,0.98,Catch
255,16,Hit,0.1778553,233.655,2150,0.007,Hit
7,2,Catch,-168.9042,156.7971,5300,0.977,Catch
255,16,Hit,-105.3165,291.0831,3200,0.361,Hit
7,2,Catch,-150.8514,230.2644,4350,0.986,Catch
9,2,Catch,135.3078,255.4722,5350,0.993,Catch
255,16,Hit,56.4627,381.006,3950,0.074,Hit
8,2,Catch,-8.76153,345.63,4150,0.977,Catch
255,16,Hit,-63.9615,199.7805,3500,0.056,Hit
255,16,Hit,-45.7614,334.953,3550,0.343,Hit
255,16,Hit,15.08241,379.881,3650,0.147,Hit
7,2,Catch,-66.2484,225.1902,4250,0.961,Catch
255,16,Hit,-14.076,144.4656,1100,0,Hit
255,16,Hit,-183.3354,218.1927,3050,0.073,Hit
7,2,Catch,-203.2227,241.1778,5400,0.955,Catch
8,2,Catch,-49.7436,281.8761,5050,0.993,Catch
8,2,Catch,-15.3546,305.649,5200,0.999,Catch
255,16,Hit,72.5406,208.3347,1700,0.009,Hit
9,2,Catch,125.6829,225.6513,5800,0.992,Catch
8,2,Catch,-58.2012,286.0359,3750,0.923,Catch
7,2,Catch,-69.4977,242.556,3250,0.807,Catch
255,16,Hit,8.01369,265.2021,2350,0.037,Hit
9,2,Catch,78.7632,273.7836,3150,0.859,Catch
9,2,Catch,102.2121,188.5551,5850,0.987,Catch
255,16,Hit,-49.1277,269.8971,2600,0.085,Hit
255,16,Hit,-8.28858,392.238,4750,0.294,Hit
255,16,Hit,106.9725,330.141,4250,0.27,Hit
255,16,Hit,9.05835,250.752,2150,0.003,Hit
255,16,Hit,-51.1788,237.3129,2000,0.007,Hit
255,16,Hit,-90.6879,172.0809,2650,0.02,Hit
8,2,Catch,-66.4527,334.656,4350,0.9,Catch
8,2,Catch,33.18,353.949,4000,0.998,Catch
255,16,Hit,-133.221,262.7865,1950,0.176,Hit
8,2,Catch,47.3802,358.083,3750,0.764,Catch
9,2,Catch,77.5734,226.539,4400,0.955,Catch
255,16,Hit,-71.8158,185.7801,1600,0.006,Hit
9,2,Catch,115.053,202.2108,5400,0.992,Catch
255,16,Hit,-158.7669,216.4014,5850,0.387,Hit
255,16,Hit,107.8878,356.073,3650,0.146,Hit
9,2,Catch,83.589,240.1674,5600,0.989,Catch
9,2,Catch,109.9077,216.7122,2750,0.878,Catch
255,16,Hit,-138.246,145.5363,2950,0.078,Hit
255,16,Hit,34.2648,264.5439,2400,0.011,Hit
8,2,Catch,-13.89072,357.642,6250,0.988,Catch
255,16,Hit,64.548,116.1675,1100,0,Hit
255,16,Hit,55.8675,108.8787,1150,0,Hit
255,16,Hit,-51.7812,173.7666,1850,0.003,Hit
7,2,Catch,-95.6292,277.9695,3850,0.967,Catch
9,2,Catch,105.8421,230.001,6000,0.998,Catch
7,2,Catch,-105.2232,273.7479,5150,0.988,Catch
255,16,Hit,-2.742171,182.2791,2250,0,Hit
7,2,Catch,-104.2509,263.6253,3850,0.986,Catch
255,16,Hit,88.7826,131.8197,1300,0.009,Hit
8,2,Catch,91.5303,277.4919,3200,0.899,Catch
255,16,Hit,-88.5975,196.2207,1750,0.008,Hit
8,2,Catch,-61.0626,290.2869,4850,1,Catch
9,2,Catch,105.9189,302.742,4900,0.998,Catch
8,2,Catch,14.5842,344.109,5800,0.999,Catch
9,2,Catch,103.6485,249.6126,4800,0.99,Catch
8,2,Catch,-47.9862,238.8795,6000,0.986,Catch
255,16,Hit,86.1054,130.6104,1300,0,Hit
7,2,Catch,-121.1484,233.4894,6250,0.996,Catch
7,2,Catch,-123.5805,315.501,4150,0.964,Catch
8,2,Catch,44.3409,250.1013,4600,0.988,Catch
255,16,Hit,-92.5062,165.93,1750,0.002,Hit
255,16,Hit,-54.0006,217.6134,3550,0.195,Hit
255,16,Hit,98.9049,245.4378,2450,0.175,Hit
255,16,Hit,88.1568,339.483,4350,0.195,Hit
255,16,Hit,-45.9762,203.6229,1800,0,Hit
255,16,Hit,-0.0441789,246.5748,2400,0.005,Hit
255,16,Hit,-101.3916,377.127,5600,0.278,Hit
255,16,Hit,12.40581,191.898,1700,0.011,Hit
9,2,Catch,104.4885,296.2836,3800,0.952,Catch
255,16,Hit,-155.0988,177.0009,2250,0,Hit
9,2,Catch,142.5069,200.3232,3700,0.913,Catch
255,16,Hit,20.77488,210.0873,2600,0.011,Hit
7,2,Catch,-96.252,279.4287,3350,0.904,Catch
9,2,Catch,51.9825,231.9345,4450,0.956,Catch
8,2,Catch,-38.3973,225.285,5750,0.993,Catch
9,2,Catch,129.7029,315.753,5350,0.998,Catch
255,16,Hit,-4.76409,180.1581,1600,0.001,Hit
255,16,Hit,-50.6382,228.9108,2550,0.016,Hit
255,16,Hit,-69.6609,121.9578,1350,0,Hit
7,2,Catch,-147.2532,279.2184,3950,0.995,Catch
8,2,Catch,-44.0097,284.2821,5500,1,Catch
255,16,Hit,-33.2178,238.3773,2550,0.018,Hit
7,2,Catch,-125.7522,317.076,3900,0.882,Catch
255,16,Hit,-65.7993,121.5984,1100,0,Hit
9,2,Catch,73.263,237.0498,4450,0.967,Catch
7,2,Catch,-138.492,246.3819,3400,0.981,Catch
9,2,Catch,124.5813,279.1848,3350,0.969,Catch
7,2,Catch,-93.8562,280.7832,5000,1,Catch
7,2,Catch,-54.1161,218.2152,4450,0.971,Catch
9,2,Catch,161.9988,271.8843,3950,0.988,Catch
255,16,Hit,-6.65013,188.6457,1750,0.002,Hit
8,2,Catch,47.6496,315.291,5150,0.996,Catch
8,2,Catch,-29.75499,225.1869,4700,0.875,Catch
255,16,Hit,44.0643,239.3373,2450,0.028,Hit
9,2,Catch,164.97,203.3598,5350,0.997,Catch
255,16,Hit,-24.73557,190.1886,2300,0,Hit
255,16,Hit,116.5329,169.7235,2300,0.018,Hit
8,2,Catch,-24.01542,325.305,3600,0.97,Catch
8,2,Catch,-65.7432,326.796,4200,0.875,Catch
8,2,Catch,31.0269,342.945,3900,0.982,Catch
8,2,Catch,-38.808,321.54,5100,1,Catch
255,16,Hit,110.3274,155.919,1900,0.013,Hit
255,16,Hit,-73.5981,237.5523,2400,0.025,Hit
255,16,Hit,67.1268,210.6297,2450,0.013,Hit
7,2,Catch,-116.3412,256.0599,3200,0.959,Catch
8,2,Catch,3.08478,363.555,4600,0.996,Catch
8,2,Catch,-73.5891,365.025,4250,0.715,Catch
255,16,Hit,-102.3135,170.9148,2000,0.002,Hit
255,16,Hit,39.7293,113.8197,1050,0,Hit
7,2,Catch,-143.4744,208.2621,5350,0.998,Catch
8,2,Catch,38.4315,265.5321,4050,0.946,Catch
8,2,Catch,-54.5103,318.462,4900,1,Catch
9,2,Catch,91.1949,270.5457,3150,0.944,Catch
255,16,Hit,104.8944,178.3581,1750,0.008,Hit
8,2,Catch,6.8907,290.0274,5300,1,Catch
255,16,Hit,-57.0813,202.6308,2650,0.012,Hit
9,2,Catch,159.0999,288.2466,5050,0.994,Catch
8,2,Catch,24.72027,242.4261,6200,0.989,Catch
255,16,Hit,52.4274,235.8297,3600,0.195,Hit
7,2,Catch,-104.5017,238.8516,3750,0.954,Catch
255,16,Hit,-16.61757,200.3547,2900,0.038,Hit
255,16,Hit,-84.9408,139.5384,1518,0,Hit
255,16,Hit,-86.6514,374.616,4686,0.237,Hit
9,2,Catch,92.157,199.8909,4257,0.979,Catch
8,2,Catch,-35.6301,340.575,4158,0.971,Catch
8,2,Catch,-14.6187,363.108,4686,0.963,Catch
255,16,Hit,0.953346,155.9331,1188,0,Hit
9,2,Catch,120.7512,263.9592,2838,0.939,Catch
255,16,Hit,-61.6038,199.3506,3135,0.082,Hit
7,2,Catch,-100.5129,288.1953,3795,0.997,Catch
255,16,Hit,-86.6277,295.4016,3399,0.29,Hit
255,16,Hit,55.6446,158.5038,1947,0,Hit
8,2,Catch,20.03085,319.77,5280,0.998,Catch
9,2,Catch,113.5221,195.2823,4884,0.993,Catch
8,2,Catch,-15.56787,276.2568,4059,0.994,Catch
255,16,Hit,27.28245,129.1617,1089,0.003,Hit
9,2,Catch,171.1014,239.3442,4587,0.997,Catch
8,2,Catch,-59.85,332.883,4521,0.947,Catch
9,2,Catch,153.6219,177.3501,5148,0.968,Catch
9,2,Catch,97.3656,219.066,2739,0.869,Catch
8,2,Catch,-67.1166,317.955,4983,0.997,Catch
8,2,Catch,13.1838,310.74,6105,0.997,Catch
255,16,Hit,8.03673,237.3243,2310,0.037,Hit
255,16,Hit,-62.3856,138.1416,1419,0,Hit
255,16,Hit,-31.155,171.8748,1584,0,Hit
7,2,Catch,-127.8516,297.6117,3800,0.986,Catch
7,2,Catch,-135.9405,286.0242,4850,0.999,Catch
8,2,Catch,20.44428,295.1256,3150,0.969,Catch
8,2,Catch,73.4211,323.736,3950,0.915,Catch
255,16,Hit,-20.32908,235.0536,4400,0.352,Hit
255,16,Hit,-33.8838,165.1536,1300,0.001,Hit
8,2,Catch,46.1673,240.4098,6100,0.995,Catch
7,2,Catch,-134.2149,263.3271,2900,0.857,Catch
8,2,Catch,20.44197,298.1481,3550,0.928,Catch
255,16,Hit,78.5052,155.5632,1400,0,Hit
255,16,Hit,-12.83568,170.6451,1450,0,Hit
255,16,Hit,-48.8106,187.9989,2150,0.001,Hit
255,16,Hit,73.1232,188.2056,1600,0.012,Hit
255,16,Hit,26.09781,191.4186,1550,0.006,Hit
255,16,Hit,-46.6224,280.5453,3200,0.276,Hit
255,16,Hit,-53.559,252.2211,3000,0.183,Hit
255,16,Hit,97.4727,202.0617,2800,0.154,Hit
8,2,Catch,90.8394,296.0532,4050,0.984,Catch
7,2,Catch,-90.1344,245.9733,6450,0.995,Catch
255,16,Hit,-99.4116,231.3234,2900,0.311,Hit
255,16,Hit,-22.04949,139.4511,1050,0,Hit
7,2,Catch,-143.901,297.783,4550,0.997,Catch
8,2,Catch,44.5119,283.5027,3900,0.971,Catch
255,16,Hit,-35.6568,212.2878,2150,0.001,Hit
255,16,Hit,65.0217,261.9471,2800,0.11,Hit
255,16,Hit,19.12014,177.3468,1700,0,Hit
255,16,Hit,-103.1469,183.8025,2050,0.009,Hit
255,16,Hit,10.89006,261.7662,2600,0.058,Hit
255,16,Hit,49.4358,137.8713,1300,0,Hit
7,2,Catch,-171.8742,289.0653,5950,0.98,Catch
7,2,Catch,-89.2695,211.5888,6400,0.986,Catch
9,2,Catch,145.9119,250.4451,5550,0.999,Catch
255,16,Hit,63.0759,131.0559,1800,0,Hit
255,16,Hit,10.9212,177.3963,2000,0,Hit
7,2,Catch,-113.1459,231.447,2250,0.643,Catch
9,2,Catch,67.1679,246.588,5900,0.989,Catch
255,16,Hit,58.1901,360.27,4200,0.136,Hit
9,2,Catch,149.91,240.7473,4250,0.987,Catch
255,16,Hit,11.96763,198.3429,1650,0.001,Hit
255,16,Hit,-71.7084,155.454,1550,0,Hit
9,2,Catch,102.7332,262.8057,5450,0.998,Catch
255,16,Hit,92.3118,135.504,2200,0,Hit
8,2,Catch,26.29989,349.296,6200,1,Catch
255,16,Hit,-27.1323,196.0209,2300,0.001,Hit
8,2,Catch,49.1079,327.267,4700,0.973,Catch
255,16,Hit,158.3766,182.7189,2400,0.025,Hit
8,2,Catch,92.0853,320.847,5150,0.999,Catch
7,2,Catch,-144.2028,169.272,6000,0.982,Catch
255,16,Hit,-74.9619,368.754,3550,0.099,Hit
9,2,Catch,163.83,215.5812,5800,0.999,Catch
8,2,Catch,17.74326,340.812,4900,0.998,Catch
8,2,Catch,-16.98858,231.0168,5850,0.939,Catch
255,16,Hit,-58.8888,133.3215,1100,0,Hit
255,16,Hit,-83.2509,328.272,3800,0.202,Hit
9,2,Catch,91.8936,309.807,4100,0.951,Catch
8,2,Catch,-44.8485,319.401,3300,0.983,Catch
7,2,Catch,-80.6403,266.553,2800,0.831,Catch
255,16,Hit,-15.89988,169.8495,1500,0,Hit
7,2,Catch,-66.8124,249.0405,6500,0.992,Catch
255,16,Hit,202.4436,272.8971,3300,0.142,Hit
255,16,Hit,60.0276,269.1333,3050,0.259,Hit
7,2,Catch,-151.7772,207.5895,5700,0.991,Catch
7,2,Catch,-99.6612,262.5441,2600,0.741,Catch
255,16,Hit,-47.385,358.101,3850,0.198,Hit
255,16,Hit,-13.16277,250.2753,2500,0.071,Hit
7,2,Catch,-179.1189,203.9178,6400,0.989,Catch
9,2,Catch,145.5213,303.237,5500,0.998,Catch
255,16,Hit,119.6205,308.307,3000,0.154,Hit
8,2,Catch,-0.2275659,260.3889,6000,0.998,Catch
255,16,Hit,-74.2236,250.2414,2350,0.01,Hit
7,2,Catch,-148.3911,226.827,6050,0.994,Catch
7,2,Catch,-119.2767,252.1053,4750,0.992,Catch
7,2,Catch,-150.2142,255.2901,3350,0.976,Catch
255,16,Hit,-83.2809,139.9998,2850,0.052,Hit
7,2,Catch,-149.6001,232.7373,1950,0.72,Catch
255,16,Hit,-166.5753,163.5606,2150,0.042,Hit
7,2,Catch,-142.6419,225.3348,3550,0.951,Catch
255,16,Hit,-102.9399,125.5905,1850,0.001,Hit
255,16,Hit,92.0304,177.549,1600,0.002,Hit
255,16,Hit,-52.0191,129.8472,1100,0,Hit
7,2,Catch,-195.2523,187.8798,1650,0.665,Catch
7,2,Catch,-136.2798,303.045,4750,0.999,Catch
8,2,Catch,-28.93473,347.442,4550,0.986,Catch
9,2,Catch,162.1095,191.7138,5350,0.987,Catch
7,2,Catch,-211.8312,273.2913,1750,0.823,Catch
7,2,Catch,-100.9308,270.7632,3450,0.966,Catch
255,16,Hit,101.8179,118.6425,1550,0.001,Hit
255,16,Hit,36.0195,157.8243,1250,0.003,Hit
7,2,Catch,-102.2883,230.0577,2650,0.847,Catch
8,2,Catch,-73.8195,347.508,4950,0.988,Catch
8,2,Catch,0.375492,326.25,4850,0.999,Catch
9,2,Catch,112.5423,226.347,2800,0.954,Catch
8,2,Catch,37.3953,276.0312,4150,0.994,Catch
8,2,Catch,1.461099,369.48,4400,0.855,Catch
255,16,Hit,39.4845,241.7139,2950,0.078,Hit
8,2,Catch,18.55128,270.5556,5050,0.996,Catch
255,16,Hit,-24.86607,186.8616,3500,0.052,Hit
7,2,Catch,-96.1413,314.244,5800,0.989,Catch
255,16,Hit,-64.29,262.2777,2550,0.073,Hit
255,16,Hit,40.8087,228.4467,3900,0.269,Hit
7,2,Catch,-163.4478,164.8638,5450,0.98,Catch
8,2,Catch,53.2368,309.852,4200,0.896,Catch
9,2,Catch,56.4771,215.7855,5700,0.976,Catch
8,2,Catch,-10.85442,259.1766,4200,0.946,Catch
7,2,Catch,-79.1889,214.4478,4250,0.92,Catch
255,16,Hit,38.1996,289.2096,3550,0.371,Hit
9,2,Catch,86.1225,205.518,4750,0.973,Catch
7,2,Catch,-180.303,263.976,4800,0.974,Catch
255,16,Hit,58.7403,229.014,2600,0.025,Hit
7,2,Catch,-117.2118,221.745,5400,0.999,Catch
7,2,Catch,-108.0555,242.2389,5100,0.989,Catch
9,2,Catch,161.1156,223.8732,4850,0.982,Catch
9,2,Catch,127.0119,332.058,6000,0.961,Catch
8,2,Catch,60.5028,332.835,5600,0.997,Catch
255,16,Hit,-81.1836,223.7145,2400,0.034,Hit
8,2,Catch,-81.8781,333.525,5700,0.995,Catch
255,16,Hit,92.4831,274.9419,2950,0.255,Hit
8,2,Catch,-55.6152,271.0629,4500,0.998,Catch
255,16,Hit,40.8324,160.005,1700,0,Hit
255,16,Hit,-85.9917,255.0663,2400,0.07,Hit
9,2,Catch,109.5159,253.5423,5150,0.991,Catch
9,2,Catch,142.2996,216.1266,4350,0.994,Catch
255,16,Hit,-6.88074,181.1835,1700,0,Hit
8,2,Catch,41.0556,351.741,5050,0.997,Catch
255,16,Hit,-98.19,307.818,3600,0.269,Hit
255,16,Hit,7.51947,193.9053,1850,0.006,Hit
8,2,Catch,14.94783,325.758,5650,1,Catch
8,2,Catch,-88.449,323.187,5900,0.999,Catch
8,2,Catch,-4.93986,342.318,3550,0.9,Catch
255,16,Hit,47.7588,219.0147,3200,0.115,Hit
8,2,Catch,-7.58556,285.8388,4100,0.986,Catch
255,16,Hit,52.2333,236.0421,2450,0.034,Hit
8,2,Catch,-58.9596,284.4966,5650,0.999,Catch
9,2,Catch,105.2325,235.4895,2550,0.875,Catch
7,2,Catch,-159.1326,238.074,3950,0.956,Catch
7,2,Catch,-139.6179,159.4668,5150,0.959,Catch
9,2,Catch,94.2918,200.4576,4750,0.98,Catch
9,2,Catch,124.041,237.0684,5000,0.998,Catch
8,2,Catch,33.2238,262.3758,3500,0.884,Catch
8,2,Catch,10.30545,249.7893,5000,0.987,Catch
255,16,Hit,67.2441,201.1299,2750,0.018,Hit
255,16,Hit,30.7332,249.1221,2900,0.049,Hit
9,2,Catch,182.7186,226.3158,4450,0.993,Catch
255,16,Hit,-149.3874,266.3202,1850,0.229,Hit
8,2,Catch,46.5165,281.5353,4300,0.968,Catch
9,2,Catch,73.7322,206.9133,4800,0.978,Catch
9,2,Catch,73.9323,293.0565,5200,0.998,Catch
7,2,Catch,-169.6551,221.5305,5450,0.991,Catch
9,2,Catch,86.4033,207.5748,3950,0.873,Catch
255,16,Hit,59.3244,349.506,4200,0.168,Hit
255,16,Hit,-87.3693,307.443,3850,0.294,Hit
8,2,Catch,-78.018,289.7703,4300,0.99,Catch
255,16,Hit,-24.85515,243.9744,2750,0.038,Hit
255,16,Hit,5.37681,219.4935,1950,0.014,Hit
8,2,Catch,-58.8636,340.893,5150,0.992,Catch
8,2,Catch,-3.49749,232.8282,3950,0.735,Catch
255,16,Hit,45.7425,280.3611,3350,0.224,Hit
8,2,Catch,-8.82015,325.503,3550,0.98,Catch
255,16,Hit,-67.194,125.0514,1023,0,Hit
255,16,Hit,51.1488,252.3936,3465,0.238,Hit
8,2,Catch,35.6124,312.321,3168,0.914,Catch
255,16,Hit,42.219,196.2327,3036,0.025,Hit
8,2,Catch,-6.70185,301.224,6303,1,Catch
255,16,Hit,-140.3022,198.9234,2607,0.032,Hit
255,16,Hit,30.0003,157.2885,1617,0,Hit
9,2,Catch,166.5195,192.4887,5412,0.999,Catch
9,2,Catch,140.5653,228.3552,3531,0.991,Catch
8,2,Catch,-46.9362,364.743,4587,0.973,Catch
255,16,Hit,172.482,189.0894,2442,0.058,Hit
255,16,Hit,112.6269,114.6804,1386,0.002,Hit
7,2,Catch,-125.4354,251.3175,3861,0.997,Catch
255,16,Hit,-35.7654,183.0012,1848,0.002,Hit
8,2,Catch,73.9899,320.67,3993,0.944,Catch
255,16,Hit,-119.5113,145.1616,1551,0.003,Hit
8,2,Catch,2.313177,278.334,2772,0.902,Catch
9,2,Catch,114.897,239.6745,4620,0.977,Catch
9,2,Catch,97.4388,316.956,5841,1,Catch
8,2,Catch,-14.41464,279.3096,5445,1,Catch
255,16,Hit,57.5322,358.365,3960,0.22,Hit
9,2,Catch,73.6665,233.088,4917,0.996,Catch
8,2,Catch,-30.1005,326.283,4620,0.992,Catch
8,2,Catch,73.4565,349.773,5049,0.981,Catch
8,2,Catch,14.66532,296.0316,4785,0.997,Catch
255,16,Hit,22.51968,171.8799,1386,0,Hit
9,2,Catch,141.6777,183.7932,3993,0.898,Catch
255,16,Hit,156.9876,162.4197,2013,0.024,Hit
9,2,Catch,174.1947,175.2999,5049,0.995,Catch
9,2,Catch,174.1683,260.1543,5280,0.998,Catch
255,16,Hit,-54.3375,149.3751,1300,0,Hit
8,2,Catch,-60.804,292.5603,3500,0.874,Catch
255,16,Hit,-35.553,252.2007,2300,0,Hit
255,16,Hit,-97.5813,203.8296,2550,0.069,Hit
8,2,Catch,100.2816,351.09,5100,0.961,Catch
255,16,Hit,-107.7141,202.4346,1900,0.016,Hit
7,2,Catch,-79.5186,279.5478,5100,1,Catch
9,2,Catch,149.7606,277.0563,4050,0.996,Catch
8,2,Catch,18.02328,247.6641,5300,0.985,Catch
8,2,Catch,-70.4427,312.66,4050,0.868,Catch
9,2,Catch,142.7982,304.557,4250,0.997,Catch
255,16,Hit,61.8585,200.7963,2250,0,Hit
7,2,Catch,-126.7803,276.1272,5850,0.996,Catch
8,2,Catch,67.9257,326.883,3550,0.871,Catch
255,16,Hit,78.705,248.649,2350,0.017,Hit
7,2,Catch,-121.2057,218.6553,3150,0.895,Catch
255,16,Hit,226.0887,238.9209,3400,0.112,Hit
7,2,Catch,-71.565,241.6272,6350,0.994,Catch
255,16,Hit,-50.2746,238.0983,2750,0.038,Hit
9,2,Catch,88.848,279.1947,3100,0.79,Catch
7,2,Catch,-157.2288,209.5458,5250,0.991,Catch
8,2,Catch,7.01994,303.204,2850,0.957,Catch
9,2,Catch,172.0812,193.1574,5750,0.99,Catch
7,2,Catch,-147.1227,230.1042,5700,0.994,Catch
255,16,Hit,9.6291,218.1048,3000,0.055,Hit
8,2,Catch,-30.6117,252.0093,5800,0.99,Catch
255,16,Hit,148.6161,335.229,5200,0.275,Hit
9,2,Catch,82.1103,287.9523,5400,0.99,Catch
9,2,Catch,110.6529,216.2469,6650,0.989,Catch
9,2,Catch,104.385,313.986,5050,0.996,Catch
255,16,Hit,79.7091,215.1561,2650,0.043,Hit
8,2,Catch,0.4767,341.703,4850,0.999,Catch
255,16,Hit,-15.42273,237.012,2150,0.009,Hit
8,2,Catch,15.279,318.825,5450,1,Catch
255,16,Hit,-80.8212,189.2787,2600,0.011,Hit
9,2,Catch,88.4781,279.8916,5700,0.998,Catch
255,16,Hit,-33.3546,209.0082,2250,0.003,Hit
255,16,Hit,-105.0009,167.2677,1850,0.003,Hit
9,2,Catch,139.8525,306.447,4000,0.99,Catch
8,2,Catch,9.33423,341.379,5050,0.998,Catch
255,16,Hit,3.15567,145.6503,1200,0.001,Hit
7,2,Catch,-95.3766,259.0296,3300,0.955,Catch
255,16,Hit,106.8957,130.4145,1500,0.009,Hit
8,2,Catch,-18.46743,281.1642,3050,0.952,Catch
7,2,Catch,-117.9939,283.8261,6250,1,Catch
9,2,Catch,123.5157,223.7796,2700,0.956,Catch
255,16,Hit,-122.6532,192.3966,2000,0.022,Hit
9,2,Catch,188.1468,242.967,4650,0.968,Catch
8,2,Catch,-30.7401,244.7118,4950,0.987,Catch
7,2,Catch,-54.3369,186.5562,6450,0.98,Catch
255,16,Hit,-45.3933,253.1145,2400,0.003,Hit
9,2,Catch,66.1731,185.4162,6550,0.99,Catch
255,16,Hit,-140.4858,310.704,3700,0.339,Hit
9,2,Catch,138.5856,278.0442,3650,0.981,Catch
9,2,Catch,164.2902,182.055,4150,0.939,Catch
8,2,Catch,60.5205,334.614,5900,0.998,Catch
8,2,Catch,19.59396,311.19,5100,0.993,Catch
8,2,Catch,4.857,286.7133,3100,0.874,Catch
255,16,Hit,-69.1248,246.4857,2600,0.02,Hit
8,2,Catch,32.0448,371.67,4750,0.878,Catch
255,16,Hit,149.3715,336.507,3750,0.125,Hit
255,16,Hit,135.8976,164.5602,3900,0.24,Hit
255,16,Hit,63.0249,248.6742,2450,0.009,Hit
255,16,Hit,98.7954,295.8717,3100,0.31,Hit
7,2,Catch,-125.535,323.985,4300,0.936,Catch
8,2,Catch,-39.3783,281.1564,5850,0.998,Catch
9,2,Catch,93.0858,271.4472,6350,0.997,Catch
8,2,Catch,-38.0613,339.414,3800,0.944,Catch
255,16,Hit,-46.0968,208.821,2050,0.003,Hit
9,2,Catch,81.8865,257.6412,3100,0.767,Catch
8,2,Catch,14.8017,278.6703,6200,0.999,Catch
255,16,Hit,17.07054,249.8403,2300,0.004,Hit
9,2,Catch,118.8189,347.193,5650,0.91,Catch
7,2,Catch,-157.0707,222.0288,3300,0.949,Catch
7,2,Catch,-100.6272,297.8031,6300,0.998,Catch
8,2,Catch,-18.28875,360.216,5000,0.995,Catch
8,2,Catch,26.77389,343.437,4000,0.982,Catch
8,2,Catch,-58.4595,356.091,5000,0.986,Catch
9,2,Catch,157.3956,250.869,6350,0.998,Catch
7,2,Catch,-136.3455,142.0392,5300,0.946,Catch
7,2,Catch,-102.4728,278.4423,6600,0.999,Catch
255,16,Hit,-29.76318,147.5409,1200,0,Hit
255,16,Hit,81.3762,214.7541,1950,0.002,Hit
255,16,Hit,4.67382,215.3418,3100,0.033,Hit
8,2,Catch,57.5688,315.582,4750,0.979,Catch
9,2,Catch,90.5625,275.2758,5850,0.998,Catch
8,2,Catch,-4.00203,334.281,3650,0.941,Catch
9,2,Catch,133.6092,289.5693,4250,0.995,Catch
255,16,Hit,169.7703,218.436,2850,0.323,Hit
8,2,Catch,52.1838,283.5186,4600,0.989,Catch
255,16,Hit,-47.8332,232.3827,2500,0.008,Hit
255,16,Hit,-145.7505,154.7268,2400,0.017,Hit
8,2,Catch,92.6283,263.9973,3450,0.943,Catch
7,2,Catch,-193.3431,192.5043,4200,0.882,Catch
255,16,Hit,59.9064,324.573,4150,0.359,Hit
9,2,Catch,116.4591,283.1919,4700,0.96,Catch
8,2,Catch,-79.668,260.5584,3500,0.918,Catch
8,2,Catch,-109.2756,307.437,5250,0.993,Catch
8,2,Catch,-2.815152,325.005,3300,0.993,Catch
255,16,Hit,32.5029,230.7459,3750,0.233,Hit
255,16,Hit,-98.3985,372.012,4550,0.244,Hit
255,16,Hit,155.436,196.5516,2250,0.086,Hit
255,16,Hit,99.0099,131.7147,1550,0.005,Hit
9,2,Catch,84.4452,174.3279,5850,0.986,Catch
7,2,Catch,-86.2794,194.6769,6900,0.992,Catch
255,16,Hit,21.34572,181.1397,1700,0,Hit
7,2,Catch,-187.8027,260.0412,4550,0.945,Catch
9,2,Catch,105.5907,291.9771,5000,1,Catch
255,16,Hit,53.9181,126.6513,1150,0.002,Hit
8,2,Catch,-10.08363,351.501,5250,1,Catch
9,2,Catch,125.4195,328.53,5550,0.979,Catch
9,2,Catch,142.3674,223.6008,2850,0.932,Catch
255,16,Hit,24.38907,247.4694,2300,0.007,Hit
9,2,Catch,88.3938,292.9989,6450,0.998,Catch
9,2,Catch,98.3571,277.8081,6250,0.996,Catch
8,2,Catch,29.80653,326.553,3450,0.981,Catch
7,2,Catch,-146.6868,247.422,3000,0.886,Catch
255,16,Hit,58.2174,123.987,1100,0,Hit
255,16,Hit,-167.5161,234.8859,2800,0.247,Hit
255,16,Hit,84.9138,317.799,3450,0.196,Hit
8,2,Catch,36.2661,279.3231,2600,0.633,Catch
8,2,Catch,-45.606,300.438,3050,0.907,Catch
7,2,Catch,-160.9722,198.1176,4000,0.917,Catch
9,2,Catch,131.694,281.6775,4900,0.997,Catch
255,16,Hit,55.9872,124.5426,1450,0,Hit
255,16,Hit,13.82988,122.3265,1150,0,Hit
9,2,Catch,165.639,226.4646,3100,0.783,Catch
8,2,Catch,33.6855,263.3523,5950,0.993,Catch
255,16,Hit,86.007,231.1581,2300,0.015,Hit
255,16,Hit,-130.1736,238.9584,2250,0.135,Hit
7,2,Catch,-140.6478,173.7426,4950,0.98,Catch
8,2,Catch,43.0266,383.283,5150,0.968,Catch
7,2,Catch,-205.8315,197.9004,4700,0.896,Catch
255,16,Hit,70.788,243.8808,3400,0.236,Hit
8,2,Catch,38.1534,316.83,5700,0.993,Catch
7,2,Catch,-115.4976,211.7541,5150,0.989,Catch
255,16,Hit,51.7785,218.6589,3100,0.058,Hit
255,16,Hit,-6.84069,224.7513,2200,0.001,Hit
7,2,Catch,-170.4864,259.7094,3500,0.962,Catch
8,2,Catch,-1.109346,273.7374,4400,0.979,Catch
9,2,Catch,99.4362,280.6284,3450,0.92,Catch
9,2,Catch,139.3599,277.7346,3400,0.924,Catch
255,16,Hit,-58.2399,228.1602,2150,0.001,Hit
255,16,Hit,-37.347,194.6835,1600,0.002,Hit
255,16,Hit,-2.648283,275.139,3100,0.319,Hit
255,16,Hit,-137.6985,168.7785,3900,0.208,Hit
9,2,Catch,120.8115,178.0752,4500,0.907,Catch
255,16,Hit,-34.7442,191.7348,2150,0.004,Hit
255,16,Hit,16.38117,310.317,3100,0.404,Hit
9,2,Catch,66.0561,301.701,5400,0.999,Catch
255,16,Hit,52.2111,332.814,3250,0.264,Hit
8,2,Catch,-35.9214,346.236,6100,1,Catch
8,2,Catch,-63.8148,361.461,5100,0.991,Catch
8,2,Catch,-68.2563,353.622,3950,0.737,Catch
8,2,Catch,28.35543,347.931,4300,0.961,Catch
9,2,Catch,161.8149,156.7644,4950,0.987,Catch
9,2,Catch,127.8084,290.0427,3400,0.86,Catch
7,2,Catch,-117.0183,329.022,5000,0.996,Catch
255,16,Hit,64.2048,136.1592,1550,0,Hit
255,16,Hit,93.0507,122.742,1500,0.002,Hit
9,2,Catch,112.833,269.0343,6200,0.996,Catch
255,16,Hit,-108.3873,118.9545,1300,0,Hit
9,2,Catch,93.3009,386.118,5400,0.854,Catch
8,2,Catch,57.7776,348.039,5500,0.992,Catch
9,2,Catch,142.5324,304.812,3250,0.88,Catch
255,16,Hit,84.2124,281.208,3250,0.211,Hit
255,16,Hit,50.0628,116.4474,1050,0,Hit
9,2,Catch,175.7037,245.2809,4650,0.997,Catch
9,2,Catch,122.6136,237.009,3550,0.965,Catch
255,16,Hit,-172.722,226.524,2900,0.207,Hit
7,2,Catch,-156.3519,208.4568,2500,0.678,Catch
8,2,Catch,56.9313,344.64,5100,0.981,Catch
255,16,Hit,46.0968,156.3033,1350,0.003,Hit
8,2,Catch,48.0159,237.1932,6250,0.983,Catch
255,16,Hit,106.4616,290.1327,2950,0.195,Hit
8,2,Catch,-21.33768,279.495,6300,1,Catch
8,2,Catch,-71.0991,274.8438,4500,0.992,Catch
255,16,Hit,44.4789,228.7629,2200,0.003,Hit
9,2,Catch,148.6989,332.979,4600,0.862,Catch
8,2,Catch,21.08079,297.5871,6500,1,Catch
9,2,Catch,188.3454,199.7208,3900,0.898,Catch
255,16,Hit,-175.4001,286.4667,3600,0.318,Hit
255,16,Hit,102.6564,167.2848,1700,0.004,Hit
8,2,Catch,19.1148,317.001,5850,0.999,Catch
255,16,Hit,-73.1268,235.2465,3250,0.329,Hit
255,16,Hit,80.2734,140.7606,1450,0,Hit
255,16,Hit,90.2502,248.0949,2950,0.183,Hit
255,16,Hit,-53.1687,260.4609,2300,0.032,Hit
8,2,Catch,-27.46383,258.378,6250,0.996,Catch
7,2,Catch,-52.2909,215.736,6300,0.987,Catch
8,2,Catch,60.8064,392.25,4800,0.804,Catch
8,2,Catch,36.6822,221.8527,4450,0.934,Catch
255,16,Hit,-210.2493,269.3229,3300,0.156,Hit
9,2,Catch,139.7829,292.1196,3650,0.946,Catch
7,2,Catch,-110.6001,244.4085,4250,0.949,Catch
255,16,Hit,104.1507,335.265,3750,0.142,Hit
255,16,Hit,56.6136,197.4591,1750,0.005,Hit
7,2,Catch,-85.083,340.2,5000,0.984,Catch
8,2,Catch,86.1912,319.449,3300,0.764,Catch
8,2,Catch,30.0729,305.853,5750,0.999,Catch
8,2,Catch,8.7687,298.5993,6050,1,Catch
255,16,Hit,-101.3499,140.6319,1250,0.001,Hit
255,16,Hit,-203.9148,281.2371,3800,0.208,Hit
7,2,Catch,-180.6735,298.2708,6400,0.968,Catch
8,2,Catch,60.0645,346.578,4900,0.966,Catch
8,2,Catch,-4.98,383.547,5050,0.937,Catch
8,2,Catch,-30.3507,246.4764,6400,0.995,Catch
255,16,Hit,-29.13015,253.9281,3250,0.229,Hit
255,16,Hit,-35.9547,289.1094,2900,0.194,Hit
9,2,Catch,59.3631,229.3671,6100,0.986,Catch
8,2,Catch,-44.6589,309.177,6600,1,Catch
255,16,Hit,44.2071,204.9051,2350,0.006,Hit
8,2,Catch,-22.57476,370.122,5650,0.991,Catch
7,2,Catch,-167.1768,255.5244,5200,0.999,Catch
8,2,Catch,-2.811609,306.27,3050,0.963,Catch
7,2,Catch,-136.8729,281.9928,4200,0.989,Catch
7,2,Catch,-82.0764,217.5066,4300,0.975,Catch
9,2,Catch,123.6,168.9498,3950,0.799,Catch
8,2,Catch,57.1845,302.49,6250,0.998,Catch
8,2,Catch,7.63944,302.334,5400,1,Catch
8,2,Catch,42.8847,332.847,5600,0.998,Catch
255,16,Hit,68.8134,365.604,3750,0.181,Hit
7,2,Catch,-119.7507,237.1401,2500,0.754,Catch
9,2,Catch,226.0359,231.4545,5250,0.932,Catch
8,2,Catch,-61.0857,292.2891,3600,0.877,Catch
9,2,Catch,149.8983,225.8535,4250,0.993,Catch
255,16,Hit,-35.9352,204.411,1950,0.001,Hit
9,2,Catch,199.2579,234.918,5550,0.957,Catch
7,2,Catch,-167.124,250.7847,3750,0.96,Catch
255,16,Hit,58.3464,195.3135,2250,0.002,Hit
255,16,Hit,57.8109,217.8537,3500,0.13,Hit
255,16,Hit,96.2616,306.531,3000,0.136,Hit
9,2,Catch,112.4448,247.9338,6700,0.996,Catch
255,16,Hit,-5.48295,263.124,3250,0.257,Hit
255,16,Hit,-59.0274,162.9153,1600,0,Hit
7,2,Catch,-141.5232,220.0407,5500,0.999,Catch
8,2,Catch,47.6847,397.608,5900,0.962,Catch
255,16,Hit,47.934,208.9635,2700,0.021,Hit
8,2,Catch,57.4674,334.917,3900,0.921,Catch
255,16,Hit,90.7344,145.5306,1950,0.002,Hit
255,16,Hit,-207.8796,222.1281,4650,0.231,Hit
255,16,Hit,62.3646,137.0115,1100,0,Hit
7,2,Catch,-85.2444,266.1975,3000,0.877,Catch
9,2,Catch,113.4609,283.4499,3350,0.922,Catch
8,2,Catch,-46.6422,320.25,6350,0.997,Catch
255,16,Hit,-7.11156,221.2329,2700,0.104,Hit
7,2,Catch,-67.977,290.4489,3850,0.949,Catch
255,16,Hit,-118.6785,160.5888,2000,0,Hit
255,16,Hit,11.46564,272.5743,3350,0.341,Hit
9,2,Catch,106.7154,259.9665,5450,0.997,Catch
8,2,Catch,-1.97058,281.2821,3050,0.925,Catch
255,16,Hit,-53.0274,154.8912,1250,0,Hit
255,16,Hit,-6.18861,197.6265,2400,0.003,Hit
8,2,Catch,-41.1225,295.812,4800,0.999,Catch
255,16,Hit,17.10561,146.2881,1350,0,Hit
9,2,Catch,99.6018,216.9405,6050,0.99,Catch
255,16,Hit,-17.50377,254.4792,3150,0.241,Hit
9,2,Catch,126.1728,230.6643,4300,0.995,Catch
255,16,Hit,195.4536,212.9223,3150,0.082,Hit
255,16,Hit,-32.4897,264.3369,3500,0.332,Hit
8,2,Catch,15.98841,383.079,4300,0.806,Catch
255,16,Hit,-76.2351,238.2201,2200,0.005,Hit
8,2,Catch,14.82027,337.776,4000,0.977,Catch
255,16,Hit,155.2254,187.8537,2350,0.017,Hit
255,16,Hit,-115.6287,144.9825,2350,0.018,Hit
8,2,Catch,-82.1742,309.783,4250,0.978,Catch
9,2,Catch,90.4494,207.5526,5800,0.996,Catch
9,2,Catch,86.4015,312.807,4900,0.987,Catch
8,2,Catch,-12.60261,280.6911,4250,0.995,Catch
255,16,Hit,-89.0649,190.6788,2100,0.003,Hit
8,2,Catch,-51.2139,285.2502,4900,0.995,Catch
9,2,Catch,137.7291,282.8841,5300,0.999,Catch
7,2,Catch,-165.0846,161.1159,5400,0.982,Catch
8,2,Catch,61.9473,329.727,6000,0.998,Catch
8,2,Catch,14.85105,339.237,3650,0.926,Catch
255,16,Hit,133.1115,169.2876,2300,0.002,Hit
8,2,Catch,-74.7141,314.442,6300,0.986,Catch
8,2,Catch,48.7686,319.572,5500,0.999,Catch
8,2,Catch,61.461,273.456,4750,0.992,Catch
255,16,Hit,-142.5567,211.2303,2300,0.09,Hit
8,2,Catch,44.0286,299.5311,4200,0.992,Catch
8,2,Catch,-14.99046,365.205,3750,0.825,Catch
9,2,Catch,108.8679,235.5903,2450,0.856,Catch
9,2,Catch,168.4161,156.2502,4500,0.962,Catch
9,2,Catch,60.6894,271.6692,5800,0.996,Catch
255,16,Hit,-14.46465,380.124,3700,0.106,Hit
8,2,Catch,22.03632,390.321,4800,0.873,Catch
255,16,Hit,-50.0727,144.8493,1300,0,Hit
8,2,Catch,-13.17345,332.409,5100,1,Catch
255,16,Hit,-13.54215,122.9472,1650,0.001,Hit
255,16,Hit,-38.0784,274.2723,2600,0.029,Hit
255,16,Hit,-16.11432,231.6753,4700,0.336,Hit
255,16,Hit,-56.9565,357.924,3900,0.155,Hit
255,16,Hit,-37.1448,247.3419,4050,0.244,Hit
8,2,Catch,76.7094,357.249,4000,0.753,Catch
8,2,Catch,55.9287,256.4118,4950,0.994,Catch
255,16,Hit,-20.2824,244.4721,2850,0.104,Hit
8,2,Catch,-41.2608,297.7245,3150,0.949,Catch
7,2,Catch,-101.2752,294.6117,6450,0.995,Catch
7,2,Catch,-155.0175,244.0614,3450,0.977,Catch
255,16,Hit,-13.11402,141.6867,1350,0.002,Hit
8,2,Catch,-17.45394,279.945,3350,0.899,Catch
7,2,Catch,-114.621,228.7797,2900,0.857,Catch
9,2,Catch,95.9907,270.7512,3250,0.928,Catch
255,16,Hit,77.2473,338.904,3650,0.156,Hit
255,16,Hit,154.995,171.5745,4350,0.369,Hit
7,2,Catch,-123.5838,194.2866,5950,0.991,Catch
7,2,Catch,-79.4412,290.6223,3150,0.884,Catch
8,2,Catch,-21.52716,349.125,4550,0.977,Catch
255,16,Hit,-57.3513,181.6533,2150,0.004,Hit
255,16,Hit,-56.3436,264.6564,2700,0.083,Hit
255,16,Hit,8.01885,245.496,2400,0.002,Hit
9,2,Catch,122.4789,230.3709,2750,0.957,Catch
7,2,Catch,-71.8134,219.0876,3200,0.67,Catch
8,2,Catch,-47.0568,339.177,3600,0.767,Catch
7,2,Catch,-130.536,201.4977,2900,0.722,Catch
9,2,Catch,132.6066,299.5386,3650,0.906,Catch
8,2,Catch,-62.9661,308.664,3800,0.81,Catch
255,16,Hit,7.84434,252.2295,2450,0.024,Hit
255,16,Hit,59.4792,179.9697,1450,0,Hit
8,2,Catch,-52.9998,271.2264,4350,0.993,Catch
9,2,Catch,141.1569,181.7865,5550,0.99,Catch
8,2,Catch,-27.02319,297.7641,3700,0.989,Catch
7,2,Catch,-84.0891,270.2853,4500,0.996,Catch
255,16,Hit,-119.0118,230.3448,2500,0.278,Hit
8,2,Catch,79.4397,368.382,6150,0.966,Catch
9,2,Catch,127.3584,321.837,4250,0.958,Catch
8,2,Catch,71.0547,318.027,3550,0.82,Catch
8,2,Catch,-36.6582,242.106,6600,0.987,Catch
255,16,Hit,-146.2656,177.8307,2650,0.01,Hit
9,2,Catch,51.5841,270.9855,5000,0.995,Catch
255,16,Hit,1.066683,148.7775,1300,0,Hit
255,16,Hit,101.7576,182.2023,1800,0.004,Hit
8,2,Catch,-23.59161,294.4956,3300,0.978,Catch
8,2,Catch,-57.1146,280.8627,4850,1,Catch
255,16,Hit,-192.2541,230.0628,3050,0.138,Hit
8,2,Catch,31.6704,312.111,4850,0.985,Catch
255,16,Hit,-126.0096,160.6776,1950,0.02,Hit
9,2,Catch,178.2042,217.0683,4750,0.983,Catch
8,2,Catch,-16.25439,324.903,4300,0.966,Catch
255,16,Hit,-157.9296,196.0008,2600,0.028,Hit
9,2,Catch,166.6536,194.4612,5500,0.996,Catch
255,16,Hit,-107.8962,114.201,1250,0.001,Hit
9,2,Catch,101.9415,275.0709,3050,0.845,Catch
255,16,Hit,-69.7503,227.6817,2100,0.005,Hit
9,2,Catch,160.0122,186.0147,4200,0.883,Catch
9,2,Catch,54.0972,192.1188,6700,0.988,Catch
8,2,Catch,33.2859,355.836,4250,0.936,Catch
7,2,Catch,-137.4606,281.8449,5450,0.999,Catch
8,2,Catch,-57.222,355.992,5100,0.993,Catch
255,16,Hit,-157.3554,189.3309,2150,0.015,Hit
7,2,Catch,-118.167,218.4654,2800,0.803,Catch
8,2,Catch,-13.60836,271.086,2450,0.71,Catch
255,16,Hit,90.321,178.7769,2450,0.014,Hit
255,16,Hit,-12.72369,220.5792,1750,0.013,Hit
255,16,Hit,-74.8329,258.1209,2900,0.147,Hit
255,16,Hit,155.3646,167.1999,3250,0.066,Hit
7,2,Catch,-170.9445,220.2189,5000,0.989,Catch
255,16,Hit,-7.58862,374.064,4100,0.149,Hit
8,2,Catch,-85.7754,373.281,5450,0.857,Catch
7,2,Catch,-111.8148,254.3391,2700,0.882,Catch
9,2,Catch,150.7899,222.1521,3300,0.991,Catch
255,16,Hit,15.61338,147.1149,1350,0,Hit
7,2,Catch,-60.3723,226.41,5900,0.99,Catch
8,2,Catch,-54.9687,345.198,6450,0.994,Catch
255,16,Hit,104.463,147.3972,1700,0.003,Hit
255,16,Hit,-131.3259,198.0147,2050,0.018,Hit
8,2,Catch,-2.219418,358.584,4750,0.957,Catch
255,16,Hit,-89.3919,237.4596,2250,0.035,Hit
8,2,Catch,2.71938,339.057,4150,0.979,Catch
255,16,Hit,-31.5096,211.665,2150,0.002,Hit
7,2,Catch,-129.5736,265.2216,6250,0.993,Catch
8,2,Catch,0.385248,300.411,2750,0.98,Catch
255,16,Hit,-13.90713,233.8185,2000,0.011,Hit
255,16,Hit,0.381606,237.633,4050,0.185,Hit
255,16,Hit,21.8235,243.5697,2200,0.007,Hit
8,2,Catch,-26.46153,267.2127,5550,0.995,Catch
255,16,Hit,-96.7536,333.282,4000,0.253,Hit
255,16,Hit,-0.0918006,246.3777,2100,0.002,Hit
255,16,Hit,-7.21875,204.462,3000,0.013,Hit
7,2,Catch,-176.4495,188.4396,5300,0.984,Catch
7,2,Catch,-86.7708,282.5577,4000,0.945,Catch
9,2,Catch,66.3207,345.351,4150,0.724,Catch
9,2,Catch,125.9751,182.8926,5550,0.987,Catch
255,16,Hit,148.3743,183.2289,2000,0.018,Hit
255,16,Hit,-70.6998,111.216,1100,0,Hit
255,16,Hit,204.7248,242.838,4000,0.182,Hit
255,16,Hit,99.7914,233.9514,2500,0.226,Hit
8,2,Catch,-57.2061,336.207,4100,0.789,Catch
255,16,Hit,93.6687,171.5784,2050,0.003,Hit
9,2,Catch,89.7381,259.4316,2700,0.791,Catch
255,16,Hit,1.591782,162.0744,1350,0,Hit
9,2,Catch,135.7836,251.37,3300,0.96,Catch
255,16,Hit,85.908,235.5483,2500,0.056,Hit
255,16,Hit,62.5614,124.71,1100,0,Hit
255,16,Hit,141.8718,190.5765,3000,0.148,Hit
8,2,Catch,-17.36364,294.1737,3400,0.966,Catch
7,2,Catch,-128.0487,300.876,3850,0.966,Catch
255,16,Hit,115.0845,208.0857,2900,0.211,Hit
8,2,Catch,40.4754,234.3027,5300,0.985,Catch
7,2,Catch,-105.4773,243.2454,3200,0.934,Catch
255,16,Hit,17.64096,153.0975,1850,0,Hit
255,16,Hit,156.375,189.2373,2700,0.097,Hit
7,2,Catch,-105.0405,287.1468,3100,0.932,Catch
255,16,Hit,91.5918,148.6215,1500,0,Hit
8,2,Catch,-3.49596,308.622,4600,0.999,Catch
9,2,Catch,162.6996,237.4695,4650,0.988,Catch
8,2,Catch,27.24525,314.256,4150,0.984,Catch
9,2,Catch,193.4649,226.44,5450,0.97,Catch
255,16,Hit,189.4293,225.1974,3200,0.094,Hit
8,2,Catch,-5.72748,267.4344,4900,0.998,Catch
7,2,Catch,-105.5742,236.9193,5350,0.991,Catch
255,16,Hit,25.64712,194.7807,1800,0.001,Hit
8,2,Catch,45.876,307.092,3150,0.875,Catch
9,2,Catch,63.5058,263.0364,4450,0.971,Catch
255,16,Hit,-60.2253,347.841,4250,0.311,Hit
8,2,Catch,-17.00655,322.971,4800,0.995,Catch
7,2,Catch,-125.2152,268.8198,4900,0.999,Catch
255,16,Hit,142.1295,186.981,2100,0.006,Hit
255,16,Hit,-133.5096,222.6978,2300,0.14,Hit
7,2,Catch,-150.0747,335.199,6150,0.969,Catch
8,2,Catch,24.89694,270.7236,3750,0.962,Catch
255,16,Hit,-61.2393,120.3186,1400,0.001,Hit
9,2,Catch,175.695,307.536,2150,0.78,Catch
9,2,Catch,181.9011,211.5078,4750,0.988,Catch
9,2,Catch,147.7017,257.8281,4050,0.988,Catch
7,2,Catch,-157.2036,288.4806,4000,0.995,Catch
255,16,Hit,-55.3038,198.4173,2100,0,Hit
8,2,Catch,17.19891,314.058,3700,0.961,Catch
255,16,Hit,-72.0513,293.2356,3200,0.317,Hit
8,2,Catch,-49.155,353.442,4000,0.821,Catch
9,2,Catch,76.6221,230.9988,5550,0.973,Catch
255,16,Hit,148.3743,337.302,4450,0.165,Hit
255,16,Hit,123.5166,128.2089,1800,0.007,Hit
9,2,Catch,99.2058,239.5386,3600,0.942,Catch
9,2,Catch,77.9988,266.3745,4000,0.969,Catch
9,2,Catch,46.8462,220.7934,5250,0.973,Catch
9,2,Catch,123.243,278.646,3850,0.99,Catch
255,16,Hit,10.54344,210.0153,1950,0.001,Hit
8,2,Catch,37.9569,298.9452,4050,0.984,Catch
7,2,Catch,-60.8226,189.8364,6000,0.991,Catch
9,2,Catch,177.3867,290.8029,4150,0.969,Catch
9,2,Catch,186.6228,208.6818,4500,0.993,Catch
7,2,Catch,-129.5751,277.1109,5450,1,Catch
8,2,Catch,-1.850094,322.56,5400,1,Catch
9,2,Catch,99.0189,269.4873,6500,0.999,Catch
255,16,Hit,-84.5796,141.4227,1800,0.004,Hit
255,16,Hit,-106.9791,145.8915,1750,0.001,Hit
9,2,Catch,147.5313,201.6312,2950,0.876,Catch
8,2,Catch,-48.531,358.44,5150,0.982,Catch
255,16,Hit,-207.0699,232.0548,4000,0.116,Hit
7,2,Catch,-150.7194,278.9454,5350,0.999,Catch
7,2,Catch,-119.8338,207.0132,2550,0.644,Catch
255,16,Hit,-39.1998,213.5913,1950,0.003,Hit
255,16,Hit,119.7876,335.511,4100,0.14,Hit
9,2,Catch,150.9843,288.1272,3300,0.909,Catch
9,2,Catch,127.0386,318.138,5100,0.995,Catch
8,2,Catch,22.78731,289.5336,3850,0.995,Catch
255,16,Hit,-85.971,225.051,2250,0.02,Hit
8,2,Catch,-27.41247,272.3931,3350,0.808,Catch
8,2,Catch,65.6955,332.235,5250,0.999,Catch
255,16,Hit,218.3475,258.9333,3750,0.14,Hit
8,2,Catch,-54.1872,275.7873,3800,0.953,Catch
255,16,Hit,35.7291,229.7553,2100,0.008,Hit
255,16,Hit,124.812,127.0311,1300,0.009,Hit
9,2,Catch,79.218,274.6338,3850,0.984,Catch
255,16,Hit,-77.6016,143.0901,1800,0.001,Hit
9,2,Catch,129.045,218.4255,5250,0.995,Catch
8,2,Catch,-12.38112,359.433,4900,0.998,Catch
255,16,Hit,-80.6163,225.8937,3100,0.221,Hit
8,2,Catch,-93.9189,256.9653,2050,0.734,Catch
8,2,Catch,36.2631,306.804,4200,0.991,Catch
255,16,Hit,-5.72778,154.488,1450,0.002,Hit
255,16,Hit,-7.56669,215.5473,2950,0.028,Hit
255,16,Hit,-202.7103,206.8398,2550,0.189,Hit
9,2,Catch,119.9118,286.7313,5350,0.983,Catch
255,16,Hit,-116.3799,197.8299,2750,0.121,Hit
255,16,Hit,47.1738,280.7616,2700,0.134,Hit
9,2,Catch,115.6725,207.8766,5650,0.99,Catch
255,16,Hit,-86.4033,123.7413,1700,0.008,Hit
255,16,Hit,4.93149,376.314,4100,0.17,Hit
9,2,Catch,130.6941,315.117,3800,0.949,Catch
7,2,Catch,-89.9799,314.199,3650,0.758,Catch
7,2,Catch,-160.7433,204.2451,4200,0.957,Catch
8,2,Catch,-67.362,383.505,4550,0.711,Catch
255,16,Hit,-108.7035,158.118,1750,0.006,Hit
8,2,Catch,-20.40582,264.0843,4400,0.959,Catch
255,16,Hit,9.57267,271.2378,2650,0.161,Hit
255,16,Hit,81.8328,102.4287,1150,0,Hit
255,16,Hit,189.4479,239.9901,3200,0.106,Hit
255,16,Hit,100.7952,237.7434,2300,0.147,Hit
255,16,Hit,-180.4779,214.1595,3050,0.078,Hit
7,2,Catch,-120.5001,244.5939,3100,0.963,Catch
8,2,Catch,64.1304,296.2509,3700,0.892,Catch
7,2,Catch,-140.9853,286.9626,3900,0.984,Catch
8,2,Catch,-44.1606,318.243,4000,0.953,Catch
255,16,Hit,-23.94792,243.8958,4200,0.309,Hit
255,16,Hit,68.1474,197.6181,2400,0.005,Hit
7,2,Catch,-200.7753,227.7954,6050,0.943,Catch
8,2,Catch,4.63593,268.7745,2550,0.652,Catch
8,2,Catch,-16.81593,280.6236,4700,0.978,Catch
255,16,Hit,-127.4694,181.1694,2500,0.015,Hit
8,2,Catch,74.1522,328.551,5300,0.999,Catch
9,2,Catch,100.6455,219.2577,4450,0.991,Catch
255,16,Hit,32.9655,258.939,2700,0.167,Hit
255,16,Hit,54.3294,309.597,3650,0.274,Hit
255,16,Hit,60.7365,342.675,4650,0.278,Hit
255,16,Hit,59.1381,349.563,4350,0.162,Hit
9,2,Catch,80.4549,213.2703,6600,0.989,Catch
7,2,Catch,-80.4651,313.482,5200,1,Catch
255,16,Hit,-73.4988,147.8553,1400,0,Hit
255,16,Hit,-118.0659,129.1632,1500,0,Hit
9,2,Catch,147.3081,242.1849,5400,0.997,Catch
8,2,Catch,-27.0855,335.058,5200,0.971,Catch
9,2,Catch,71.2446,275.8128,3650,0.895,Catch
9,2,Catch,144.2139,141.2061,5700,0.934,Catch
255,16,Hit,-48.3483,327.945,3550,0.203,Hit
255,16,Hit,-35.7687,187.9428,1700,0.001,Hit
7,2,Catch,-167.8752,266.5722,3800,0.973,Catch
9,2,Catch,168.9552,274.5765,5550,0.998,Catch
9,2,Catch,106.6449,249.0957,5650,0.997,Catch
7,2,Catch,-201.339,213.744,5550,0.971,Catch
9,2,Catch,176.7042,223.6878,4000,0.976,Catch
255,16,Hit,-54.5664,205.8864,1650,0.005,Hit
255,16,Hit,-16.12149,255.3327,2350,0.025,Hit
255,16,Hit,93.5736,369.516,4800,0.31,Hit
255,16,Hit,81.237,195.093,2950,0.059,Hit
8,2,Catch,-29.1279,285.8898,3100,0.907,Catch
9,2,Catch,90.1068,272.4534,2850,0.809,Catch
7,2,Catch,-149.094,268.0719,4150,0.998,Catch
9,2,Catch,140.871,213.1212,5750,0.995,Catch
255,16,Hit,83.9733,180.9678,1750,0.002,Hit
9,2,Catch,100.3842,195.915,5250,1,Catch
255,16,Hit,1.468968,270.5658,3600,0.344,Hit
9,2,Catch,188.4537,199.5603,5150,0.996,Catch
7,2,Catch,-38.9565,227.4855,6250,0.994,Catch
7,2,Catch,-106.6872,157.9536,5850,0.928,Catch
7,2,Catch,-91.8714,263.6298,6600,0.996,Catch
255,16,Hit,102.3126,320.556,3700,0.242,Hit
255,16,Hit,-33.5253,386.907,4250,0.142,Hit
255,16,Hit,-36.0477,192.3606,1650,0.009,Hit
8,2,Catch,11.96175,361.47,6250,1,Catch
8,2,Catch,-33.9021,333.972,5050,1,Catch
9,2,Catch,110.472,237.7725,3500,0.958,Catch
8,2,Catch,43.8429,246.1401,5700,0.991,Catch
255,16,Hit,31.4616,231.2457,5100,0.36,Hit
9,2,Catch,82.6866,372.057,5250,0.899,Catch
7,2,Catch,-139.7046,224.1189,3950,0.967,Catch
255,16,Hit,120.7593,229.5888,2400,0.316,Hit
7,2,Catch,-148.5669,288.4437,3150,0.949,Catch
8,2,Catch,-27.6879,300.447,5550,1,Catch
255,16,Hit,-152.3265,219.6255,2800,0.255,Hit
255,16,Hit,49.3392,128.7087,1400,0,Hit
9,2,Catch,156.1797,249.3525,5400,0.994,Catch
9,2,Catch,115.9011,292.1571,4850,0.994,Catch
9,2,Catch,146.0931,196.7361,2600,0.702,Catch
9,2,Catch,132.6996,223.1211,3927,0.994,Catch
255,16,Hit,15.38715,177.267,1683,0,Hit
7,2,Catch,-138.8454,237.7548,2904,0.894,Catch
255,16,Hit,-167.1579,178.6008,2013,0.013,Hit
255,16,Hit,36.6651,156.8817,1848,0,Hit
255,16,Hit,80.0829,298.6125,3366,0.157,Hit
8,2,Catch,-5.61048,336.819,3861,0.961,Catch
255,16,Hit,89.1849,182.4966,1848,0.002,Hit
7,2,Catch,-157.4592,300.798,6204,0.993,Catch
8,2,Catch,-2.765781,376.554,5775,0.96,Catch
255,16,Hit,-50.0946,186.1254,1683,0.002,Hit
8,2,Catch,-54.5016,267.0918,3036,0.859,Catch
255,16,Hit,-3.68406,159.8694,1254,0,Hit
9,2,Catch,115.9428,242.6343,4719,0.986,Catch
255,16,Hit,-110.7417,365.46,4521,0.263,Hit
7,2,Catch,-79.6842,274.3335,6039,1,Catch
9,2,Catch,102.1422,281.931,3762,0.924,Catch
255,16,Hit,109.4844,331.062,4224,0.133,Hit
255,16,Hit,69.3177,240.5943,2607,0.029,Hit
7,2,Catch,-84.8784,240.4143,4785,0.99,Catch
255,16,Hit,75.0186,382.455,4620,0.142,Hit
9,2,Catch,74.5158,327.684,4785,0.99,Catch
9,2,Catch,96.273,264.807,5808,0.992,Catch
9,2,Catch,67.0335,186.9834,5907,0.99,Catch
255,16,Hit,181.152,222.6735,3003,0.164,Hit
8,2,Catch,-96.1869,371.604,5775,0.888,Catch
8,2,Catch,-16.79037,302.388,6204,1,Catch
255,16,Hit,-61.77,122.3688,1050,0,Hit
255,16,Hit,47.5914,270.4263,2600,0.071,Hit
8,2,Catch,-55.2861,308.892,3200,0.779,Catch
255,16,Hit,-126.081,196.3977,2550,0.065,Hit
8,2,Catch,33.6687,303.516,3300,0.977,Catch
255,16,Hit,-40.4901,231.3564,2600,0.003,Hit
255,16,Hit,-42.5406,264.9216,2450,0.026,Hit
9,2,Catch,71.8899,224.6235,3700,0.852,Catch
8,2,Catch,-68.2065,297.4029,5450,1,Catch
8,2,Catch,-54.9003,250.8147,5650,0.993,Catch
7,2,Catch,-92.6427,203.7066,5300,0.985,Catch
255,16,Hit,73.5729,155.8935,2050,0,Hit
8,2,Catch,-7.73769,346.911,4350,0.938,Catch
255,16,Hit,61.4397,133.1961,1850,0,Hit
7,2,Catch,-145.701,307.812,4750,0.994,Catch
255,16,Hit,-18.3006,132.9141,1050,0.001,Hit
255,16,Hit,30.7503,235.6503,3950,0.203,Hit
7,2,Catch,-132.7113,229.545,2450,0.698,Catch
8,2,Catch,35.943,285.2202,3450,0.95,Catch
8,2,Catch,-66.0657,304.215,5300,0.989,Catch
8,2,Catch,-24.0666,387.018,6000,0.917,Catch
9,2,Catch,112.5162,344.658,4800,0.847,Catch
9,2,Catch,161.1792,199.2243,4800,0.983,Catch
255,16,Hit,-83.0448,172.545,1800,0,Hit
255,16,Hit,-62.7243,196.1298,3150,0.101,Hit
255,16,Hit,114.0714,149.9958,2200,0.01,Hit
255,16,Hit,-152.4645,169.2909,2200,0.011,Hit
9,2,Catch,137.511,274.971,5050,1,Catch
8,2,Catch,10.3896,352.293,5450,0.999,Catch
7,2,Catch,-164.3544,196.8603,3800,0.844,Catch
9,2,Catch,129.1386,269.8464,3200,0.965,Catch
8,2,Catch,-33.9153,332.067,4450,0.985,Catch
255,16,Hit,-51.5652,272.5002,2900,0.121,Hit
7,2,Catch,-69.6891,200.8338,6250,0.982,Catch
255,16,Hit,53.1498,207.1977,2150,0.009,Hit
8,2,Catch,-9.34554,285.1827,3250,0.849,Catch
255,16,Hit,86.3838,221.9817,2150,0.01,Hit
255,16,Hit,-57.027,224.7741,2200,0.001,Hit
9,2,Catch,108.6942,150.3909,5500,0.956,Catch
9,2,Catch,188.5347,187.2483,6750,0.984,Catch
255,16,Hit,-184.6962,204.8223,2350,0.076,Hit
255,16,Hit,-85.2618,180.465,1750,0.003,Hit
8,2,Catch,9.50457,272.0376,2750,0.753,Catch
9,2,Catch,167.9985,203.2185,2700,0.747,Catch
255,16,Hit,-88.4868,217.3881,2200,0.038,Hit
255,16,Hit,64.1229,181.3401,1600,0.001,Hit
8,2,Catch,-8.70948,316.131,3500,0.972,Catch
255,16,Hit,-140.34,185.3253,2300,0.003,Hit
255,16,Hit,103.1061,294.0474,2950,0.141,Hit
8,2,Catch,-8.3979,269.7588,5200,0.998,Catch
7,2,Catch,-169.0395,202.9551,4350,0.979,Catch
255,16,Hit,-52.9053,187.5552,2700,0.003,Hit
8,2,Catch,68.6133,296.9262,3150,0.872,Catch
8,2,Catch,-41.2131,312.966,6150,1,Catch
255,16,Hit,-133.3413,192.0159,2700,0.047,Hit
9,2,Catch,64.9437,251.5257,5900,0.981,Catch
9,2,Catch,172.3872,244.4343,4000,0.946,Catch
8,2,Catch,45.0132,304.386,3100,0.846,Catch
8,2,Catch,-44.7552,285.7665,3600,0.896,Catch
255,16,Hit,7.99917,150.0672,1500,0,Hit
7,2,Catch,-164.8656,174.5733,4250,0.92,Catch
255,16,Hit,-155.6013,194.7834,2550,0.034,Hit
255,16,Hit,-119.9529,169.5606,1950,0.005,Hit
7,2,Catch,-102.9204,286.7622,3700,0.966,Catch
9,2,Catch,210.1635,247.3125,4450,0.908,Catch
8,2,Catch,-44.2893,330.999,3450,0.916,Catch
8,2,Catch,-29.9094,306.231,5400,0.999,Catch
8,2,Catch,-44.3556,335.865,3700,0.927,Catch
255,16,Hit,38.1903,171.7332,1400,0,Hit
255,16,Hit,69.3288,263.9337,2400,0.012,Hit
7,2,Catch,-168.6096,268.4961,4700,1,Catch
7,2,Catch,-106.5954,181.5399,5950,0.98,Catch
255,16,Hit,-121.0542,124.3323,1500,0.002,Hit
8,2,Catch,-50.1075,363.048,5350,0.994,Catch
9,2,Catch,86.7408,194.5179,4450,0.961,Catch
255,16,Hit,35.0061,147.4833,1150,0,Hit
9,2,Catch,122.5065,154.6551,5650,0.993,Catch
9,2,Catch,174.8136,208.0464,4300,0.97,Catch
7,2,Catch,-185.1975,182.7924,4700,0.982,Catch
9,2,Catch,107.9658,256.5018,5350,0.996,Catch
255,16,Hit,-49.3281,298.5546,3450,0.306,Hit
8,2,Catch,-8.022,323.652,6150,1,Catch
9,2,Catch,128.898,296.6661,4850,1,Catch
255,16,Hit,54.5544,214.8405,4200,0.294,Hit
255,16,Hit,-117.2937,128.3049,1250,0.002,Hit
255,16,Hit,9.48297,202.0776,4050,0.195,Hit
8,2,Catch,-71.046,337.182,5600,0.986,Catch
8,2,Catch,-65.5809,313.881,4950,0.995,Catch
255,16,Hit,-51.4755,187.746,2200,0.004,Hit
7,2,Catch,-162.1059,210.363,6200,0.979,Catch
7,2,Catch,-192.7698,251.5479,5200,0.979,Catch
255,16,Hit,-19.56723,131.253,1050,0,Hit
255,16,Hit,-9.2412,256.7232,2550,0.193,Hit
7,2,Catch,-84.2109,329.352,4600,0.957,Catch
255,16,Hit,-57.5865,346.935,3850,0.149,Hit
8,2,Catch,13.51308,335.082,3950,0.965,Catch
255,16,Hit,-92.9007,177.4428,3300,0.074,Hit
8,2,Catch,7.2057,347.931,4200,0.963,Catch
7,2,Catch,-192.546,256.7658,4900,0.973,Catch
8,2,Catch,-16.83804,285.2934,3100,0.944,Catch
9,2,Catch,61.596,248.6274,4600,0.964,Catch
255,16,Hit,35.4264,231.3045,2300,0.02,Hit
7,2,Catch,-123.5724,305.04,3650,0.866,Catch
255,16,Hit,-17.20656,198.9717,2350,0.003,Hit
255,16,Hit,131.9028,207.9216,2100,0.02,Hit
255,16,Hit,113.019,371.73,4750,0.147,Hit
7,2,Catch,-175.3461,279.7632,4250,0.894,Catch
7,2,Catch,-162.8994,229.9374,4750,0.946,Catch
8,2,Catch,14.7672,299.9919,5700,1,Catch
9,2,Catch,159.0279,241.8195,4600,0.998,Catch
255,16,Hit,76.2609,284.4786,2800,0.165,Hit
8,2,Catch,-44.1693,315.588,3600,0.948,Catch
255,16,Hit,-49.1436,188.4426,2450,0.002,Hit
8,2,Catch,-68.0208,319.173,5750,0.999,Catch
7,2,Catch,-102.4443,291.1365,3650,0.947,Catch
8,2,Catch,-56.7696,277.014,3100,0.822,Catch
9,2,Catch,90.7863,219.1878,6200,1,Catch
255,16,Hit,-20.1591,225.9318,2150,0.001,Hit
255,16,Hit,88.1265,256.0488,2450,0.084,Hit
8,2,Catch,34.6887,234.9165,5100,0.919,Catch
7,2,Catch,-127.3293,208.4424,6100,0.999,Catch
255,16,Hit,28.61208,186.7986,2100,0,Hit
9,2,Catch,50.2674,211.6212,6250,0.975,Catch
8,2,Catch,28.83378,308.076,3250,0.863,Catch
8,2,Catch,-2.244234,328.737,5100,1,Catch
8,2,Catch,57.7611,341.901,5250,0.984,Catch
9,2,Catch,109.5135,280.4637,4850,0.986,Catch
255,16,Hit,-0.515697,380.925,4400,0.246,Hit
255,16,Hit,-71.2413,356.901,4350,0.326,Hit
255,16,Hit,-61.7763,160.8978,1750,0.002,Hit
7,2,Catch,-97.0866,247.4562,3150,0.931,Catch
8,2,Catch,101.4075,323.358,5550,0.987,Catch
255,16,Hit,-73.9143,201.2058,2450,0.002,Hit
7,2,Catch,-135.1398,282.4524,3500,0.935,Catch
9,2,Catch,106.4868,308.499,5650,0.99,Catch
8,2,Catch,104.7519,362.475,5150,0.918,Catch
